-9.33329,38.69968,,
-9.33025,38.94727,,
-9.32643,38.86052,,
-9.32482,39.27402,,
-9.32339,38.8507,,
-9.3221,38.92082,,
-9.32179,38.69444,,
-9.32051,39.30548,,
-9.31639,39.29778,,
-9.3145,38.6836,,
-9.31356,38.81195,,
-9.3113,38.83781,,
-9.31104,38.93154,,
-9.31069,38.83726,,
-9.31033,38.68553,,
-9.309,38.71141,,
-9.3073,39.3357,,
-9.30429,38.76581,,
-9.30328,39.23644,,
-9.30041,38.7663,,
-9.29992,38.70927,,
-9.29941,38.69007,,
-9.29934,38.73991,,
-9.299,38.8659,,
-9.2971,38.8692,,
-9.29667,38.76203,,
-9.29628,38.72696,,
-9.29282,38.75833,,
-9.28728,38.75152,,
-9.28572,39.32621,,
-9.28369,39.20827,,
-9.28215,38.73643,,
-9.28194,38.93563,,
-9.28047,38.98507,,
-9.27909,38.73602,,
-9.27908,38.73505,,
-9.2777,39.02841,,
-9.27767,38.6988,,
-9.27717,39.16506,,
-9.27479,39.01167,,
-9.27397,39.19026,,
-9.27261,38.74761,,
-9.27231,38.7515,,
-9.26998,38.76253,,
-9.26719,39.05071,,
-9.26406,38.7086,,
-9.26302,38.70601,,
-9.26295,38.70561,,
-9.26227,38.74749,,
-9.26174,39.05196,,
-9.26077,38.70242,,
-9.26024,38.71347,,
-9.25876,38.95758,,
-9.25857,38.77355,,
-9.25839,38.71341,,
-9.2576,39.0532,,
-9.25548,38.74875,,
-9.25509,39.33154,,
-9.25463,38.77425,,
-9.25458,38.74867,,
-9.25334,39.12344,,
-9.25222,39.2302,,
-9.25055,38.71863,,
-9.2497,38.8767,,
-9.2483,38.6996,,
-9.24813,39.09964,,
-9.24361,39.11075,,
-9.24271,42.92905,,
-9.23905,38.79706,,
-9.23778,39.0465,,
-9.2374,39.33795,,
-9.23413,38.64642,,
-9.23184,38.71669,,
-9.22971,38.77681,,
-9.22926,39.14778,,
-9.22878,38.79606,,
-9.22864,38.64855,,
-9.22862,38.64831,,
-9.2264,38.80969,,
-9.22379,39.15863,,
-9.22353,38.733,,
-9.22302,38.77487,,
-9.22225,38.73467,,
-9.22174,38.73132,,
-9.22127,38.90453,,
-9.22032,38.74111,,
-9.21993,38.7017,,
-9.21977,38.65391,,
-9.21742,38.98634,,
-9.21689,38.7276,,
-9.216,38.7721,,
-9.21574,39.34267,,
-9.21539,38.65414,,
-9.21493,38.71125,,
-9.21467,39.00223,,
-9.21331,43.10067,,
-9.21317,38.75891,,
-9.20929,38.7475,,
-9.20929,38.7534,,
-9.20921,38.74753,,
-9.20871,38.77126,,
-9.20789,38.75541,,
-9.20724,38.69482,,
-9.2067,38.69453,,
-9.20664,38.75843,,
-9.20571,38.74347,,
-9.20541,38.74352,,
-9.20513,38.73856,,
-9.20504,38.74257,,
-9.20485,38.7427,,
-9.20476,38.74257,,
-9.20455,38.7739,,
-9.20295,38.77181,,
-9.20257,38.69527,,
-9.19979,38.86665,,
-9.19926,38.65747,,
-9.19912,38.7735,,
-9.1991,38.87777,,
-9.1987,38.7422,,
-9.19794,38.80563,,
-9.19753,38.88189,,
-9.19693,38.8637,,
-9.19689,38.88335,,
-9.19608,43.08292,,
-9.19544,38.79472,,
-9.19524,38.69621,,
-9.1951,38.79408,,
-9.19498,38.63153,,
-9.1948,38.79264,,
-9.19399,38.74427,,
-9.19386,38.74541,,
-9.19261,38.74447,,
-9.19249,38.69678,,
-9.19211,38.65983,,
-9.19204,38.81045,,
-9.19059,38.76268,,
-9.19028,38.72542,,
-9.18985,38.74404,,
-9.18975,38.69699,,
-9.18964,39.20521,,
-9.1895,38.78109,,
-9.18931,38.74902,,
-9.18862,38.75618,,
-9.18859,38.89207,,
-9.18822,38.76537,,
-9.18678,38.8418,,
-9.18675,42.98193,,
-9.18526,43.08271,,
-9.1847,38.75102,,
-9.18406,38.66252,,
-9.18394,38.69832,,
-9.18387,38.7506,,
-9.18369,38.66289,,
-9.18331,38.75548,,
-9.18314,38.69823,,
-9.18306,38.74435,,
-9.18251,38.74333,,
-9.18218,39.24917,,
-9.18184,38.66331,,
-9.1801,38.78349,,
-9.17935,38.74276,,
-9.17932,38.69988,,
-9.17932,38.70978,,
-9.17869,43.04237,,
-9.17835,38.72391,,
-9.17822,38.74152,,
-9.17809,39.23295,,
-9.17583,38.72296,,
-9.17558,39.32753,,
-9.17555,38.74982,,
-9.17554,38.71669,,
-9.17551,38.75776,,
-9.1754,38.7165,,
-9.17515,38.72261,,
-9.17471,38.7113,,
-9.17463,38.67595,,
-9.17415,38.74006,,
-9.17362,38.72434,,
-9.1736,38.76003,,
-9.1733,38.79433,,
-9.173258,38.82055,,
-9.17293,38.72596,,
-9.17284,38.72677,,
-9.17209,38.8147,,
-9.17153,38.72775,,
-9.1705,38.74043,,
-9.17039,38.73571,,
-9.1696,38.76887,,
-9.1689,38.79008,,
-9.16883,38.73278,,
-9.16877,38.76922,,
-9.16853,38.78498,,
-9.16688,38.66653,,
-9.16686,38.78339,,
-9.1667,38.77063,,
-9.16647,38.77016,,
-9.16636,39.24947,,
-9.16599,38.65512,,
-9.16556,39.41437,,
-9.16531,38.65988,,
-9.16517,38.76471,,
-9.16503,38.76777,,
-9.16481,38.7375,,
-9.16481,39.25484,,
-9.16474,38.64874,,
-9.16472,38.7684,,
-9.16462,38.76935,,
-9.16447,38.73249,,
-9.16437,38.77011,,
-9.16425,38.73311,,
-9.16402,38.73362,,
-9.16378,38.64453,,
-9.16342,38.73446,,
-9.16187,38.7356,,
-9.16123,38.74435,,
-9.16121,38.74402,,
-9.16102,38.77468,,
-9.16061,38.74349,,
-9.16046,38.7427,,
-9.15997,38.7046,,
-9.15831,38.77714,,
-9.15802,38.77788,,
-9.15663,43.01077,,
-9.15643,38.78021,,
-9.15512,38.63841,,
-9.15511,39.08586,,
-9.15495,38.72491,,
-9.15447,38.70933,,
-9.15357,43.0834,,
-9.15354,38.63698,,
-9.15315,38.64695,,
-9.15249,38.64392,,
-9.152,38.7534,,
-9.1507,43.08212,,
-9.14999,39.41677,,
-9.14962,38.78905,,
-9.1494,38.75121,,
-9.14875,38.75049,,
-9.14775,38.74517,,
-9.14741,38.74501,,
-9.14646,39.4011,,
-9.14639,38.79046,,
-9.14572,39.40739,,
-9.1452,38.77371,,
-9.14519,39.40755,,
-9.14415,38.77505,,
-9.14343,38.59623,,
-9.14314,38.74184,,
-9.14283,38.85978,,
-9.14156,38.76311,,
-9.1401,38.76299,,
-9.13938,38.60043,,
-9.13579,39.41833,,
-9.13552,39.41287,,
-9.13534,38.76324,,
-9.1344,38.70736,,
-9.13343,39.39564,,
-9.13286,38.63678,,
-9.13246,39.41318,,
-9.131,38.7483,,
-9.13072,38.75004,,
-9.13062,38.75256,,
-9.13025,38.75745,,
-9.12995,38.75804,,
-9.12993,38.76051,,
-9.12991,38.74187,,
-9.12983,38.80026,,
-9.12937,39.41276,,
-9.12743,38.7628,,
-9.12525,38.73521,,
-9.12511,39.4413,,
-9.12436,39.39725,,
-9.12367,38.77831,,
-9.12354,38.77239,,
-9.12337,39.41002,,
-9.12328,38.762,,
-9.12294,38.71315,,
-9.12284,38.77782,,
-9.12284,38.78093,,
-9.1228,38.77737,,
-9.12238,43.08034,,
-9.1218,38.74808,,
-9.1218,39.38063,,
-9.12076,43.01705,,
-9.12036,38.74827,,
-9.11977,38.76068,,
-9.11942,38.7558,,
-9.11871,38.61402,,
-9.1187,38.79546,,
-9.11863,38.71733,,
-9.11845,39.37575,,
-9.11835,39.46058,,
-9.11764,38.76022,,
-9.11706,38.7599,,
-9.11602,38.75967,,
-9.11482,38.7784,,
-9.1148,38.77825,,
-9.11449,38.72148,,
-9.11402,38.77776,,
-9.11288,38.77729,,
-9.11106,38.77628,,
-9.1108,39.47236,,
-9.10973,39.40438,,
-9.10963,38.75779,,
-9.1093,38.79875,,
-9.10882,39.24545,,
-9.10806,38.74975,,
-9.10772,38.61264,,
-9.10737,38.7629,,
-9.10736,38.72894,,
-9.10726,39.49992,,
-9.10691,38.6106,,
-9.10691,38.72948,,
-9.10586,38.78535,,
-9.10561,38.89997,,
-9.10518,39.4999,,
-9.10473,38.7564,,
-9.10466,38.77081,,
-9.10457,38.7706,,
-9.1043,38.49649,,
-9.1043,38.49649,,
-9.10421,38.73426,,
-9.10398,38.73424,,
-9.10394,38.80848,,
-9.10387,38.76474,,
-9.10362,38.75985,,
-9.10357,38.75824,,
-9.10343,39.48191,,
-9.10202,43.13985,,
-9.10182,38.73959,,
-9.10143,38.81542,,
-9.1013,39.48446,,
-9.10068,38.55849,,
-9.10068,38.74143,,
-9.10056,38.5575,,
-9.09992,38.54873,,
-9.09992,38.54873,,
-9.09715,38.74707,,
-9.09664,38.74917,,
-9.09605,38.60798,,
-9.09603,38.7507,,
-9.09446,43.14314,,
-9.09396,38.60795,,
-9.09072,39.49937,,
-9.09032,39.50622,,
-9.08973,39.36034,,
-9.08654,38.84839,,
-9.08614,43.05779,,
-9.08465,38.8229,,
-9.08234,39.22442,,
-9.0785,38.86555,,
-9.07509,38.99188,,
-9.07475,38.83804,,
-9.07438,39.3222,,
-9.07377,38.84086,,
-9.07315,38.59478,,
-9.07285,38.91127,,
-9.07008,38.97826,,
-9.06887,38.87166,,
-9.06867,39.56067,,
-9.06841,39.59155,,
-9.06838,38.87261,,
-9.06676,39.60492,,
-9.06632,38.64981,,
-9.06463,43.06779,,
-9.0638,38.77756,,
-9.06234,38.64788,,
-9.0615,38.968,,
-9.06121,38.65627,,
-9.06106,39.29738,,
-9.06103,39.29581,,
-9.06059,38.58916,,
-9.06017,39.28456,,
-9.05947,39.61561,,
-9.05872,38.95627,,
-9.05696,39.51512,,
-9.05508,38.65965,,
-9.05497,39.62172,,
-9.05477,38.6548,,
-9.05441,38.58536,,
-9.05422,38.63749,,
-9.05214,38.58401,,
-9.05208,38.55533,,
-9.051,38.64971,,
-9.05093,38.63169,,
-9.04901,38.64549,,
-9.04777,38.60158,,
-9.04728,38.61678,,
-9.04722,38.59372,,
-9.04714,38.59933,,
-9.04671,38.58074,,
-9.04528,38.58917,,
-9.04528,39.6343,,
-9.04229,38.58323,,
-9.04203,38.57904,,
-9.03755,43.10466,,
-9.03734,38.57231,,
-9.03705,39.57179,,
-9.03557,38.62324,,
-9.03225,38.61865,,
-9.02748,43.1126,,
-9.02734,42.80222,,
-9.02654,38.74969,,
-9.02438,38.53669,,
-9.02387,38.60913,,
-9.02024,38.60443,,
-9.01924,38.60925,,
-9.01803,39.58304,,
-9.014,38.61697,,
-9.01323,43.02909,,
-9.00818,38.63999,,
-9.00418,39.66606,,
-9.00351,39.00403,,
-9.00055,39.00439,,
-9.00006,39.60983,,
-8.99943,39.23526,,
-8.99894,39.20355,,
-8.99695,39.20762,,
-8.99653,38.94497,,
-8.99629,39.66408,,
-8.99489,38.94569,,
-8.99484,39.57213,,
-8.99411,43.14541,,
-8.9938,39.07125,,
-8.99347,39.07256,,
-8.99336,38.52437,,
-8.9917,38.52524,,
-8.99152,42.57592,,
-8.99113,38.7277,,
-8.99109,39.62045,,
-8.98962,39.65264,,
-8.98818,39.04342,,
-8.98577,43.15065,,
-8.98546,38.71241,,
-8.98518,38.96167,,
-8.98434,38.96377,,
-8.98336,38.65831,,
-8.97994,39.55491,,
-8.97989,39.67685,,
-8.97841,39.67753,,
-8.97683,38.97616,,
-8.97567,38.97842,,
-8.97558,38.58173,,
-8.97491,39.68002,,
-8.97446,39.54557,,
-8.97433,38.55369,,
-8.97339,38.95206,,
-8.97287,39.01665,,
-8.9725,39.64723,,
-8.97225,39.54492,,
-8.97062,38.7085,,
-8.97058,38.99362,,
-8.9689,39.41237,,
-8.96873,39.53661,,
-8.96719,38.51926,,
-8.96663,39.0106,,
-8.96474,39.02075,,
-8.96474,39.54768,,
-8.96466,39.5479,,
-8.96325,39.65122,,
-8.96275,39.36311,,
-8.96178,39.38208,,
-8.96138,38.52185,,
-8.96129,39.02862,,
-8.96124,38.71495,,
-8.9608,39.38787,,
-8.95877,39.63673,,
-8.9586,38.7201,,
-8.95687,43.19228,,
-8.95589,39.03276,,
-8.95574,39.24275,,
-8.95432,39.03989,,
-8.9522,38.70685,,
-8.95212,38.615,,
-8.95079,43.15395,,
-8.94815,38.52497,,
-8.94727,39.04798,,
-8.94624,38.71682,,
-8.94526,38.60989,,
-8.9434,39.46512,,
-8.94323,38.60791,,
-8.94322,38.71572,,
-8.94253,38.94121,,
-8.9425,39.70833,,
-8.9424,38.9413,,
-8.94106,39.68655,,
-8.93822,38.71279,,
-8.93757,42.60632,,
-8.93714,39.47963,,
-8.93491,39.03568,,
-8.93441,39.7233,,
-8.93424,39.10455,,
-8.9339,39.76839,,
-8.93369,39.72685,,
-8.93364,39.76202,,
-8.93352,39.73793,,
-8.9335,38.74846,,
-8.93319,39.07338,,
-8.93304,39.7369,,
-8.93247,38.58512,,
-8.93235,43.01028,,
-8.93208,38.74729,,
-8.93082,39.09257,,
-8.929,43.1348,,
-8.92828,38.66726,,
-8.92794,39.17198,,
-8.92704,39.32217,,
-8.92662,42.8226,,
-8.92578,39.11335,,
-8.92506,38.59356,,
-8.924,39.16966,,
-8.92312,38.67946,,
-8.92109,39.7033,,
-8.92086,39.31463,,
-8.91931,39.16479,,
-8.91771,39.75529,,
-8.91537,39.71309,,
-8.91525,39.11818,,
-8.91495,38.64518,,
-8.9149,43.24949,,
-8.91482,38.64135,,
-8.91396,39.72551,,
-8.91375,39.57577,,
-8.91137,38.61319,,
-8.9104,39.57733,,
-8.90991,39.1216,,
-8.90903,39.2957,,
-8.90832,42.84976,,
-8.90777,39.86759,,
-8.90755,39.67677,,
-8.90668,39.80919,,
-8.90651,39.68338,,
-8.90594,39.12481,,
-8.90594,39.57899,,
-8.90586,38.5855,,
-8.90389,39.58018,,
-8.90344,39.74018,,
-8.90241,43.23813,4,0
-8.90193,42.65146,,
-8.90061,42.83857,,
-8.89817,38.76725,,
-8.8956,38.53315,,
-8.89382,38.7696,,
-8.89355,40.1724,,
-8.89246,42.06637,,
-8.89111,38.92467,,
-8.89101,38.92454,,
-8.88828,39.74546,,
-8.88668,42.76943,,
-8.88645,39.36306,,
-8.88495,38.53711,,
-8.88413,42.04899,,
-8.88372,39.56247,,
-8.8836,42.04674,,
-8.88273,39.5639,,
-8.88233,42.03238,,
-8.88156,38.91465,,
-8.88141,42.03963,,
-8.88129,38.88164,,
-8.88123,39.67199,,
-8.88118,38.85902,,
-8.88097,38.82885,,
-8.88084,38.81941,,
-8.88078,38.79327,,
-8.88076,39.15321,,
-8.87964,39.56869,,
-8.87917,39.8275,,
-8.87824,38.53631,,
-8.87758,43.15713,,
-8.87627,38.51855,,
-8.87624,39.57402,,
-8.875,42.11255,,
-8.87447,41.90563,,
-8.87439,39.57725,,
-8.87408,39.70053,,
-8.87373,41.90652,,
-8.87248,42.79833,,
-8.87189,39.70175,,
-8.8718,38.78435,,
-8.87115,41.90128,,
-8.8695,41.8394,,
-8.86931,39.80556,,
-8.8688,42.66852,,
-8.86865,39.74266,,
-8.86845,40.15677,,
-8.86687,42.99374,,
-8.86653,41.7483,,
-8.86554,40.06929,,
-8.86515,38.59396,,
-8.86504,39.15471,,
-8.86464,38.53493,,
-8.86445,39.74678,,
-8.86441,39.07024,,
-8.86405,39.66902,,
-8.86375,42.44674,,
-8.86311,41.7783,,
-8.86262,37.95861,,
-8.86223,40.16661,,
-8.86171,41.84619,,
-8.86157,42.47471,,
-8.86152,42.47867,,
-8.86128,39.74055,,
-8.86121,39.66927,,
-8.86093,40.15715,,
-8.85981,40.15484,,
-8.85822,39.66987,,
-8.85812,41.9093,,
-8.85801,40.16233,,
-8.85799,40.15424,,
-8.85624,39.67153,,
-8.8562,40.11878,,
-8.85613,40.16415,,
-8.85598,42.12171,,
-8.85592,39.38121,,
-8.85567,39.16502,,
-8.85565,39.38023,,
-8.85495,39.15664,,
-8.8547,40.16445,,
-8.85411,43.15309,,
-8.85328,42.96938,,
-8.85248,41.70924,,
-8.85214,43.15319,,
-8.85123,39.6324,,
-8.85035,39.67117,,
-8.85001,39.63384,,
-8.84976,40.13613,,
-8.84934,40.15388,,
-8.84875,40.16156,,
-8.84868,39.67096,,
-8.84756,38.60667,,
-8.84732,40.16335,,
-8.84732,41.91324,,
-8.84676,40.13785,,
-8.84651,39.67941,,
-8.84573,41.69921,,
-8.8455,40.14791,,
-8.84525,39.74386,,
-8.84512,39.64082,,
-8.84476,40.14905,,
-8.84397,40.1636,,
-8.84331,41.91381,,
-8.84323,39.39705,,
-8.84241,42.67529,,
-8.8422,39.39786,,
-8.8415,40.15006,,
-8.84146,40.16418,,
-8.84012,39.82871,,
-8.83952,42.80661,,
-8.83939,39.80365,,
-8.83917,39.86528,,
-8.83898,39.80214,,
-8.83896,43.25924,,
-8.83887,39.61228,,
-8.83669,43.01713,,
-8.83656,39.66685,,
-8.83623,39.79693,,
-8.83544,39.53765,,
-8.83527,41.93475,,
-8.83525,40.03028,,
-8.8352,41.69477,,
-8.83512,39.65223,,
-8.83509,39.84958,,
-8.83486,41.69487,,
-8.83449,41.91523,,
-8.83444,39.68377,,
-8.83444,39.68452,,
-8.83389,37.97965,,
-8.83331,42.39209,,
-8.83253,39.68769,,
-8.8308,42.11033,,
-8.83062,39.7158,,
-8.83054,40.1557,,
-8.82984,40.18671,,
-8.82969,40.17422,,
-8.82958,41.70353,,
-8.82945,39.72572,,
-8.8292,40.18311,,
-8.82915,39.69634,,
-8.82854,42.11061,,
-8.8284,40.17744,,
-8.82801,40.20297,,
-8.82716,39.66147,,
-8.82686,38.70725,,
-8.82686,38.70725,,
-8.82667,41.69752,,
-8.82531,39.7323,,
-8.82483,39.8606,,
-8.8239,41.69704,,
-8.82318,41.70052,,
-8.82309,38.01084,,
-8.82173,42.6775,,
-8.82133,40.21062,,
-8.82133,43.03695,,
-8.82076,40.14498,,
-8.82049,41.89368,,
-8.82038,39.12183,,
-8.81988,40.21128,,
-8.81953,41.69917,,
-8.81852,42.1269,,
-8.81852,43.02698,,
-8.81686,42.81231,,
-8.81675,41.91729,,
-8.81673,43.0356,,
-8.81596,42.15935,,
-8.81568,42.51746,,
-8.81544,42.41592,,
-8.81467,43.16355,,
-8.81376,39.73774,,
-8.81277,42.55036,,
-8.81233,41.90045,,
-8.81229,43.16364,,
-8.81214,42.55567,,
-8.81148,37.97368,,
-8.81086,40.21812,,
-8.8108,39.73573,,
-8.81058,42.56173,,
-8.81021,43.03116,,
-8.81009,42.12535,,
-8.80977,42.1269,,
-8.80974,42.29345,,
-8.80894,41.68354,,
-8.80861,42.13361,,
-8.80861,42.51626,,
-8.80781,40.21528,,
-8.80708,41.69955,,
-8.80692,42.52288,,
-8.80673,43.03378,,
-8.80614,42.46007,,
-8.80577,41.92501,,
-8.80521,40.00166,,
-8.80451,39.73388,,
-8.80451,39.99984,,
-8.80432,42.15662,,
-8.80359,42.51648,,
-8.80289,42.43619,,
-8.80163,41.70268,,
-8.80066,39.71273,,
-8.80063,43.03521,,
-8.80042,41.93122,,
-8.80038,37.36802,,
-8.7993,37.37471,,
-8.79863,39.76181,,
-8.7984,43.0297,,
-8.79839,39.17872,,
-8.79819,41.82174,,
-8.79774,39.93656,,
-8.79729,41.70387,,
-8.79696,40.45583,,
-8.79648,42.54782,,
-8.79645,42.94995,,
-8.7962,43.28684,,
-8.79483,41.74193,,
-8.79447,41.90784,,
-8.79426,39.75682,,
-8.7942,39.17043,,
-8.79402,40.23826,,
-8.79366,39.73821,,
-8.79255,39.16845,,
-8.79186,42.25478,,
-8.79165,42.58298,,
-8.79163,39.15325,,
-8.79097,39.17027,,
-8.79085,39.65207,,
-8.79055,42.18948,,
-8.78954,41.91077,,
-8.78878,40.45537,,
-8.78813,40.24625,,
-8.7879,42.58539,,
-8.787,42.58586,,
-8.78607,42.39801,,
-8.78577,37.39268,,
-8.78565,39.74483,,
-8.78556,42.94167,,
-8.7854,38.56162,,
-8.78531,41.56279,,
-8.78511,42.5169,,
-8.7847,39.74529,,
-8.78464,42.31683,,
-8.78462,42.28448,,
-8.78442,37.39457,,
-8.7844,42.28544,,
-8.78415,41.90788,,
-8.78403,39.94083,,
-8.78375,43.0726,,
-8.78364,40.48454,,
-8.78345,39.16337,,
-8.78336,41.66169,,
-8.78283,42.93996,,
-8.78276,39.76379,,
-8.78248,41.54662,,
-8.78198,37.3972,,
-8.78092,41.84257,,
-8.78072,40.25575,,
-8.78043,40.32162,,
-8.78038,39.16605,,
-8.77949,40.26601,,
-8.77947,42.59359,,
-8.77946,40.49963,,
-8.77929,40.26633,,
-8.77929,40.26633,,
-8.7785,38.56466,,
-8.77805,41.95253,,
-8.77779,39.76614,,
-8.77738,43.08798,,
-8.77709,41.88673,,
-8.77658,41.65204,,
-8.77587,40.2726,,
-8.77558,42.20799,,
-8.77552,39.75476,,
-8.77544,42.61829,,
-8.77531,41.60077,,
-8.77521,41.94758,,
-8.77492,42.20951,,
-8.77462,39.91902,,
-8.77447,39.74855,,
-8.77424,41.68189,,
-8.77378,41.94831,,
-8.77346,39.21823,,
-8.77327,42.22185,,
-8.77258,42.14223,,
-8.77172,38.69427,,
-8.77172,38.69427,,
-8.77109,41.59643,,
-8.77107,40.2812,,
-8.77098,41.94965,,
-8.77056,39.76946,,
-8.77014,39.76964,,
-8.76979,39.76989,,
-8.76923,42.19989,,
-8.76874,40.28526,,
-8.76874,40.28526,,
-8.76872,42.21124,,
-8.76601,42.19624,,
-8.76594,42.6036,,
-8.76524,42.21274,,
-8.76478,42.58552,,
-8.76475,42.58906,,
-8.76381,42.21391,,
-8.76368,42.39863,,
-8.7635,42.81255,,
-8.76337,39.17708,,
-8.76243,41.96154,,
-8.76164,40.2985,,
-8.7606,41.40931,,
-8.76043,41.41285,,
-8.75998,41.68259,,
-8.75972,42.63206,,
-8.75953,42.81462,,
-8.75951,39.3536,,
-8.75933,40.14528,,
-8.75888,37.43396,,
-8.7588,41.68289,,
-8.75839,41.96819,,
-8.75764,42.2231,,
-8.75738,41.6659,,
-8.75715,39.78085,,
-8.75658,42.2177,,
-8.75654,42.11794,,
-8.7563,39.65779,,
-8.7563,42.59316,,
-8.75596,39.77787,,
-8.75511,38.56937,,
-8.75464,42.67974,,
-8.75292,39.34253,,
-8.75288,43.18364,,
-8.75246,39.34204,,
-8.75241,39.34168,,
-8.75211,42.5332,,
-8.75201,40.32303,,
-8.75167,41.52966,,
-8.75112,39.33244,,
-8.75106,38.691,,
-8.75078,39.73673,,
-8.7488,40.34885,,
-8.74814,41.93443,,
-8.74798,40.35379,,
-8.74777,41.35944,,
-8.74767,41.9739,,
-8.74756,39.32797,,
-8.74702,39.79316,,
-8.7463,41.68767,,
-8.7462,41.98593,,
-8.74603,39.864,,
-8.74574,41.68815,,
-8.7455,39.7611,,
-8.745,41.36055,,
-8.74495,41.98894,,
-8.74489,40.37719,,
-8.74432,42.21292,,
-8.74419,42.68413,,
-8.74396,42.53066,,
-8.74388,42.21548,,
-8.74341,41.99212,,
-8.74298,41.61365,,
-8.74281,41.68871,,
-8.74273,40.38561,,
-8.74181,42.21024,,
-8.74155,41.61186,,
-8.7415,42.57088,,
-8.7408,41.94351,,
-8.74039,42.2191,,
-8.73917,42.41509,,
-8.73908,39.7402,,
-8.73858,42.6495,,
-8.73825,42.82776,,
-8.73798,42.83492,,
-8.73756,39.25382,,
-8.73747,42.2196,,
-8.73675,42.22895,,
-8.7366,40.39218,,
-8.73659,42.87655,,
-8.73593,42.92124,,
-8.73575,42.86098,,
-8.73574,39.3191,,
-8.73549,40.3986,,
-8.73462,42.59329,,
-8.73355,38.00327,,
-8.73298,41.99955,,
-8.73288,39.88884,,
-8.73267,41.42024,,
-8.73223,39.30696,,
-8.73218,42.91936,,
-8.73174,42.41808,,
-8.73116,39.05117,,
-8.73106,42.30878,,
-8.73083,41.37361,,
-8.73008,39.05385,,
-8.72948,42.23792,,
-8.72884,43.19242,,
-8.72874,42.03588,,
-8.72861,40.4356,,
-8.72774,42.53553,,
-8.72768,42.20894,,
-8.72742,39.82104,,
-8.72694,42.41944,,
-8.72669,42.20169,,
-8.72656,42.20362,,
-8.72628,42.21738,,
-8.72626,42.15066,,
-8.72577,42.57556,,
-8.72467,42.2407,,
-8.72392,42.22339,,
-8.7236,41.47114,,
-8.72338,42.23895,,
-8.723106,42.198,,
-8.72285,39.81263,,
-8.72218,39.82849,,
-8.72142,42.20083,,
-8.72129,41.96022,,
-8.72117,41.46007,,
-8.72106,42.19189,,
-8.72084,40.29863,,
-8.71957,42.90986,,
-8.71942,42.18382,,
-8.71925,39.83001,,
-8.7191,42.24072,,
-8.71909,42.16314,,
-8.71846,42.19255,,
-8.71833,42.19684,,
-8.71805,42.90893,,
-8.71801,43.2304,,
-8.71771,42.22745,,
-8.71748,42.22752,,
-8.71686,42.23646,,
-8.71678,42.18623,,
-8.71583,42.18312,,
-8.7156,42.72794,,
-8.71555,39.83792,,
-8.71441,42.22075,,
-8.71433,39.71876,,
-8.71411,42.23967,,
-8.71386,42.22165,,
-8.71361,42.59361,,
-8.71329,38.00933,,
-8.71299,42.38626,,
-8.71287,42.50857,,
-8.71253,42.16993,,
-8.71233,39.10163,,
-8.71224,42.56371,,
-8.71205,39.85419,,
-8.71205,42.22311,,
-8.7116,39.2637,,
-8.71119,39.84211,,
-8.71112,42.18608,,
-8.71067,39.8426,,
-8.70972,42.59333,,
-8.70966,42.52281,,
-8.70942,39.71098,,
-8.70828,42.42776,,
-8.70726,39.86113,,
-8.70702,42.22119,,
-8.707,39.84518,,
-8.70694,39.21167,,
-8.70654,39.63876,,
-8.7065,41.99222,,
-8.70641,42.55426,,
-8.70565,42.22504,,
-8.70534,42.66897,,
-8.7047,39.26014,,
-8.70401,42.22593,,
-8.70391,39.53666,,
-8.70389,39.23667,,
-8.7036,42.57941,,
-8.70342,42.1645,,
-8.70315,37.14882,,
-8.70294,42.21797,,
-8.70269,42.22659,,
-8.70175,42.23511,,
-8.70147,41.25984,,
-8.70144,41.26421,,
-8.70095,41.31287,,
-8.70057,42.6799,,
-8.70049,39.85862,,
-8.70032,42.07394,,
-8.70032,42.07394,,
-8.69976,42.21503,,
-8.69917,39.23944,,
-8.69895,39.24771,,
-8.69849,40.46884,,
-8.6984,41.30929,,
-8.69828,39.64412,,
-8.6974,40.47159,,
-8.69735,39.86398,,
-8.69709,41.25048,,
-8.697,40.47268,,
-8.69695,39.13665,,
-8.69666,39.2794,,
-8.69645,39.22807,,
-8.69639,39.25083,,
-8.69604,41.99405,,
-8.69586,42.24697,,
-8.69556,39.26056,,
-8.6953,39.2476,,
-8.69518,41.23129,,
-8.6948,39.62395,,
-8.69477,39.22194,,
-8.69435,38.86457,,
-8.69423,42.52088,,
-8.69361,42.20704,,
-8.69359,41.4925,,
-8.69326,42.18424,,
-8.69297,41.5724,,
-8.69285,41.4953,,
-8.69274,39.62222,,
-8.69194,39.23083,,
-8.6918,40.48109,,
-8.69169,43.21141,,
-8.69135,40.40962,,
-8.69074,39.63561,,
-8.6907,42.84761,,
-8.69044,42.25069,,
-8.69035,41.19277,,
-8.68978,42.51606,,
-8.6885,42.25205,,
-8.68838,42.37308,,
-8.68814,38.8687,,
-8.68805,41.49721,,
-8.68796,43.13842,,
-8.68781,41.29224,,
-8.68735,39.66293,,
-8.68715,39.65265,,
-8.6871,37.11015,,
-8.68693,42.06143,,
-8.68693,42.06143,,
-8.68653,37.11029,,
-8.68641,41.99975,,
-8.68622,39.6696,,
-8.68612,40.49083,,
-8.686,39.68422,,
-8.68587,42.5151,,
-8.68577,42.25148,,
-8.68546,42.25187,,
-8.68528,42.89028,,
-8.68524,43.20428,,
-8.68509,41.19773,,
-8.68484,42.22954,,
-8.6846,42.21746,,
-8.6845,41.16083,,
-8.6839,39.67754,,
-8.68335,39.24486,,
-8.68291,41.17331,,
-8.68257,40.56482,,
-8.68218,39.50999,,
-8.68139,42.21667,,
-8.68079,41.1666,,
-8.68,39.24611,,
-8.6798,42.39317,,
-8.67974,41.28366,,
-8.6795,42.1573,,
-8.67946,43.22535,,
-8.6792,40.52394,,
-8.67893,39.62675,,
-8.67871,41.28051,,
-8.67837,38.87472,,
-8.67825,37.09696,,
-8.67808,41.27927,,
-8.67783,42.00956,,
-8.67758,41.1907,,
-8.67687,42.23989,,
-8.6766,37.10967,,
-8.67583,41.1721,,
-8.67583,42.21535,,
-8.6758,40.18124,,
-8.67553,42.22596,,
-8.67533,42.40873,,
-8.67509,37.11549,,
-8.67498,41.64477,,
-8.67484,41.1655,,
-8.67431,42.41304,,
-8.67423,38.57812,,
-8.67423,38.57812,,
-8.67417,42.15583,,
-8.67391,42.43643,,
-8.67341,42.01509,,
-8.67304,42.56233,,
-8.67287,42.59918,,
-8.6725,41.17395,,
-8.6725,41.17425,,
-8.67213,39.66993,,
-8.67204,42.85368,,
-8.67182,42.59964,,
-8.67148,39.88546,,
-8.67049,42.01805,,
-8.67006,41.18731,,
-8.67,41.38806,,
-8.66989,39.68589,,
-8.66934,42.43411,,
-8.66903,41.15676,,
-8.66889,39.15639,,
-8.66873,41.96262,,
-8.66871,42.19925,,
-8.66836,41.1893,,
-8.6677,41.178,,
-8.66738,39.19834,,
-8.66641,42.27186,,
-8.66635,39.52865,,
-8.66618,40.24652,,
-8.66605,40.3229,,
-8.66578,42.27744,,
-8.66513,41.2655,,
-8.66488,42.27328,,
-8.66458,42.02757,,
-8.66444,42.51556,,
-8.66417,42.24063,,
-8.66387,40.83926,,
-8.66352,42.0303,,
-8.66315,39.53012,,
-8.663,39.50213,,
-8.6627,42.15602,,
-8.66265,41.18385,,
-8.66259,39.53041,,
-8.6625,42.21148,,
-8.66236,41.26213,,
-8.6621,42.31708,,
-8.66143,41.18391,,
-8.66135,42.03388,,
-8.66105,42.24034,,
-8.66063,41.2217,,
-8.66058,39.5012,,
-8.66017,40.39438,,
-8.65973,42.51435,,
-8.65956,39.68035,,
-8.65931,40.51481,,
-8.65928,42.31942,,
-8.65886,42.23996,,
-8.65875,42.30446,,
-8.65846,38.56641,,
-8.65822,39.54261,,
-8.65821,42.42224,,
-8.65815,42.15375,,
-8.65792,42.30259,,
-8.65791,41.25819,,
-8.65783,42.50773,,
-8.6576,42.29846,,
-8.65745,42.20026,,
-8.65682,42.03654,,
-8.65658,42.50448,,
-8.65654,42.19889,,
-8.65639,42.42983,,
-8.65588,42.30088,,
-8.65565,41.98603,,
-8.65551,41.21629,,
-8.65544,39.93741,,
-8.65534,41.87199,,
-8.65504,42.2162,,
-8.65463,39.96825,,
-8.65444,42.4808,,
-8.65423,39.8955,,
-8.65371,39.36281,,
-8.65352,42.41347,,
-8.65347,39.19261,,
-8.65321,40.86485,,
-8.65316,37.15028,,
-8.65313,42.89457,,
-8.65312,40.62067,,
-8.65307,42.42599,,
-8.6527,42.2272,,
-8.65238,42.28554,,
-8.65222,40.62667,,
-8.65193,38.14027,,
-8.65149,38.12514,,
-8.65148,42.46622,,
-8.65141,38.73416,,
-8.65141,38.73416,,
-8.65138,43.23279,,
-8.65138,43.23279,,
-8.65103,41.25122,,
-8.65079,42.42298,,
-8.65076,42.72393,,
-8.65056,39.38776,,
-8.65036,42.78314,,
-8.65033,42.11052,,
-8.65027,39.93582,,
-8.64991,42.45085,,
-8.64939,42.78845,,
-8.64902,41.24901,,
-8.64887,42.75158,,
-8.64886,38.73161,,
-8.64886,38.73161,,
-8.6486,42.19438,,
-8.64771,42.28778,,
-8.64729,41.77992,,
-8.64708,42.88914,,
-8.64692,39.78353,,
-8.64623,39.89813,,
-8.64551,38.16731,,
-8.64547,39.93507,,
-8.64467,42.19431,,
-8.64425,42.84686,,
-8.64386,42.0953,,
-8.64356,42.47414,,
-8.64328,42.84592,,
-8.64296,41.16776,,
-8.64275,40.63496,,
-8.64268,42.164,,
-8.64268,42.51248,,
-8.64262,39.35356,,
-8.64258,41.06902,,
-8.64247,43.23832,,
-8.64247,43.23832,,
-8.64243,42.58143,,
-8.64226,42.4629,,
-8.642,41.06804,,
-8.64195,40.63094,,
-8.64161,42.06775,,
-8.64153,41.06262,,
-8.64144,42.39217,,
-8.64143,39.92341,,
-8.64136,42.46077,,
-8.64109,38.08938,,
-8.6407,42.38854,,
-8.64058,39.35553,,
-8.64046,42.67778,,
-8.64032,41.18372,,
-8.64018,42.65592,,
-8.64016,41.14641,,
-8.63988,42.473317,,
-8.63918,42.19036,,
-8.63918,42.21782,,
-8.63917,42.45389,,
-8.63873,41.18247,,
-8.6374,42.187,,
-8.6371,38.53639,,
-8.6371,38.53639,,
-8.63709,41.07864,,
-8.6365,41.1815,,
-8.63623,42.39828,,
-8.63611,40.64639,,
-8.63606,42.18507,,
-8.63596,41.07872,,
-8.63592,42.66542,,
-8.63585,42.66844,,
-8.63559,41.12616,,
-8.63555,38.59875,,
-8.63528,42.36056,,
-8.63528,42.39,,
-8.6352,42.39386,,
-8.6352,42.39386,,
-8.63492,38.90261,,
-8.6349,41.17147,,
-8.63475,41.07934,,
-8.63475,41.07938,,
-8.63475,41.07938,,
-8.63472,42.37833,,
-8.63427,39.91674,,
-8.63401,40.38148,,
-8.63367,42.18349,,
-8.63355,42.23347,,
-8.63339,43.2428,,
-8.63333,41.04117,,
-8.63333,42.36656,,
-8.63333,42.36656,,
-8.63294,39.90804,,
-8.63272,42.67584,,
-8.63261,39.91123,,
-8.63202,39.78966,,
-8.63199,42.44004,,
-8.6318,39.42091,,
-8.63163,41.1396,,
-8.63116,39.48295,,
-8.63084,40.60316,,
-8.6308,39.23511,,
-8.63064,39.66564,,
-8.6306,41.08061,,
-8.63055,42.07094,,
-8.63011,41.11656,,
-8.63001,39.66499,,
-8.62993,42.15588,,
-8.62955,41.17244,,
-8.62924,39.44249,,
-8.62863,39.90929,,
-8.62858,39.96505,,
-8.62828,39.9647,,
-8.62826,39.89905,,
-8.62825,41.01141,,
-8.62799,41.1973,,
-8.62753,40.64514,,
-8.62733,41.20183,,
-8.62689,42.13139,,
-8.62681,41.21798,,
-8.62654,38.19232,,
-8.62646,41.22819,,
-8.62614,41.53882,,
-8.62581,42.15785,,
-8.62571,42.11229,,
-8.62566,42.15071,,
-8.62492,41.18639,,
-8.62478,41.027,,
-8.62454,41.02742,,
-8.6245,41.2056,,
-8.6244,40.55761,,
-8.62439,41.08285,,
-8.62423,41.11982,,
-8.62423,42.13906,,
-8.62387,42.06421,,
-8.62369,40.98559,,
-8.62348,41.08318,,
-8.62284,42.41611,,
-8.62283,39.44836,,
-8.62272,42.12578,,
-8.6227,38.91047,,
-8.62248,42.09341,,
-8.62239,40.57114,,
-8.62234,41.24345,,
-8.62171,41.17362,,
-8.62161,40.20944,,
-8.6215,41.20414,,
-8.62143,40.57874,,
-8.62142,40.9834,,
-8.62085,39.97849,,
-8.62083,38.57991,,
-8.62081,40.87815,,
-8.62065,42.113,,
-8.62049,40.08476,,
-8.6203,41.20378,,
-8.61901,42.10731,,
-8.6188,39.15216,,
-8.61842,40.99804,,
-8.61777,42.17359,,
-8.61763,40.99661,,
-8.61741,40.99627,,
-8.61686,41.18293,,
-8.61632,41.08552,,
-8.61577,39.65245,,
-8.61574,40.99343,,
-8.61478,40.99069,,
-8.61468,41.12282,,
-8.61452,39.47929,,
-8.61448,42.26801,,
-8.61439,42.55607,,
-8.61428,41.00857,,
-8.61418,40.66019,,
-8.61402,42.41208,,
-8.61358,42.12459,,
-8.6134,42.8066,,
-8.61177,40.64635,,
-8.61173,43.25164,,
-8.61104,41.42231,,
-8.6108,40.97621,,
-8.61067,40.97593,,
-8.61067,40.97717,,
-8.61061,40.97406,,
-8.61019,41.124,,
-8.61014,42.16136,,
-8.60981,40.75997,,
-8.60931,38.51014,,
-8.60906,42.11735,,
-8.60886,41.74495,,
-8.60882,42.44381,,
-8.60881,42.11135,,
-8.60844,41.17357,,
-8.60843,40.96404,,
-8.60795,42.33782,,
-8.60684,42.57417,,
-8.606321,41.5199,,
-8.60607,40.67037,,
-8.60571,42.86203,,
-8.60546,43.25672,,
-8.60489,42.41593,,
-8.6045,42.82682,,
-8.60437,39.23097,,
-8.60436,40.90446,,
-8.60432,38.96039,,
-8.60411,39.9949,,
-8.60361,40.64235,,
-8.60346,40.92811,,
-8.60333,40.535,,
-8.60303,40.67436,,
-8.60286,42.93545,,
-8.60246,42.20337,,
-8.60217,40.93393,,
-8.60171,42.25462,,
-8.60138,40.64206,,
-8.60076,39.99712,,
-8.60013,40.0134,,
-8.60009,42.31424,,
-8.59912,38.92651,,
-8.59867,42.31611,,
-8.59859,42.41881,,
-8.59811,41.12652,,
-8.59765,40.07781,,
-8.59647,42.24486,,
-8.5963,42.16441,,
-8.59625,38.48015,,
-8.59619,38.47988,,
-8.59619,41.17193,,
-8.59611,42.16243,,
-8.59516,39.90529,,
-8.59504,41.80762,,
-8.59435,42.41796,,
-8.59387,41.18527,,
-8.59321,37.1617,,
-8.59306,40.50642,,
-8.59246,42.28901,,
-8.59236,41.75939,,
-8.59232,40.00232,,
-8.59191,40.21868,,
-8.59168,41.09651,,
-8.59167,42.61722,,
-8.59116,41.18006,,
-8.59056,40.67972,,
-8.59036,41.19539,,
-8.59026,38.47336,,
-8.58932,40.40002,,
-8.58913,40.0076,,
-8.58888,40.08172,,
-8.58885,42.44078,,
-8.58866,41.19728,,
-8.58861,40.3541,,
-8.588143,42.170831,,
-8.58708,42.0462,,
-8.58696,40.49943,,
-8.5869,39.65545,,
-8.58682,42.80953,,
-8.58667,40.76681,,
-8.58646,40.41955,,
-8.58644,42.28982,,
-8.58567,40.58047,,
-8.58507,40.42938,,
-8.58447,41.51417,,
-8.58446,42.62122,,
-8.58434,40.8394,,
-8.58386,40.4883,,
-8.58372,42.81151,,
-8.58348,40.01395,,
-8.58315,41.17706,,
-8.58288,41.1548,,
-8.58221,41.16472,,
-8.5821,41.16001,,
-8.58199,40.34413,,
-8.58193,39.89543,,
-8.58156,40.48615,,
-8.58142,42.84016,,
-8.5814,41.09279,,
-8.58139,41.15278,,
-8.58134,41.07878,,
-8.58129,40.87564,,
-8.58102,42.84041,,
-8.58089,42.57784,,
-8.58057,40.03772,,
-8.58054,40.35017,,
-8.58039,42.44571,,
-8.58027,40.82555,,
-8.57979,41.0745,,
-8.57975,41.14769,,
-8.57967,42.10701,,
-8.57944,41.09215,,
-8.57939,39.65309,,
-8.57903,41.09201,,
-8.57891,39.47627,,
-8.57866,41.7639,,
-8.57847,40.47637,,
-8.57844,40.01964,,
-8.57832,40.91575,,
-8.57638,40.57395,,
-8.57602,38.4611,,
-8.57601,41.13099,,
-8.57594,40.97718,,
-8.5757,41.78904,,
-8.5748,41.59994,,
-8.5747,41.19867,,
-8.57432,40.35189,,
-8.57417,40.57207,,
-8.57379,40.45886,,
-8.57379,41.12478,,
-8.57343,41.19888,,
-8.57272,42.10376,,
-8.57225,40.81122,,
-8.57225,40.81857,,
-8.57222,40.95402,,
-8.57195,42.85888,,
-8.57189,40.81529,,
-8.57185,40.81701,,
-8.57121,41.22988,,
-8.57097,37.15922,,
-8.57011,41.15762,,
-8.5701,41.15787,,
-8.56998,40.0487,,
-8.56933,41.34757,,
-8.56925,41.17053,,
-8.56893,41.4713,,
-8.56839,41.46041,,
-8.56789,39.65595,,
-8.56663,40.78644,,
-8.56612,42.85598,,
-8.56564,39.47648,,
-8.56538,41.26155,,
-8.56471,40.95048,,
-8.56464,42.86599,,
-8.56295,40.03384,,
-8.56256,41.00516,,
-8.56119,40.55919,,
-8.56066,40.72874,,
-8.56065,41.03999,,
-8.56059,40.6277,,
-8.5603,41.15728,,
-8.55994,40.91523,,
-8.55972,42.86383,,
-8.55959,42.46264,,
-8.5594,40.72161,,
-8.55862,42.64906,,
-8.55861,42.86373,,
-8.55854,38.21609,,
-8.5584,40.0375,,
-8.5583,41.5297,,
-8.55821,39.65631,,
-8.55807,40.05601,,
-8.55721,40.6881,,
-8.55683,40.21836,,
-8.55629,42.17967,,
-8.55622,42.86372,,
-8.55517,40.91939,,
-8.55491,41.78236,,
-8.5547,41.35102,,
-8.55402,42.09691,,
-8.55384,40.35731,,
-8.55361,41.35312,,
-8.55356,40.70992,,
-8.55335,37.12066,,
-8.55327,42.8712,,
-8.5527,41.4454,,
-8.55222,40.31194,,
-8.55199,39.88899,,
-8.55179,42.87205,,
-8.55121,42.77567,,
-8.55063,40.5236,,
-8.54994,37.12131,,
-8.54976,42.86962,,
-8.54966,40.79697,,
-8.54933,41.65528,,
-8.54932,40.19128,,
-8.54829,42.8544,,
-8.54786,40.53118,,
-8.54785,37.12682,,
-8.54778,41.21383,,
-8.54768,37.11899,,
-8.54646,42.86797,,
-8.54635,38.25585,,
-8.54635,40.05541,,
-8.54609,42.83226,,
-8.54584,42.8707,,
-8.54549,42.87118,,
-8.54525,41.2924,,
-8.54435,40.94202,,
-8.54434,40.19202,,
-8.54369,37.22226,,
-8.54361,38.68372,,
-8.54351,41.56713,,
-8.54344,42.87206,,
-8.54306,42.35315,,
-8.54299,42.80437,,
-8.54192,42.86278,,
-8.54185,40.75172,,
-8.54172,42.48634,,
-8.54167,40.92977,,
-8.54091,40.1224,,
-8.53948,37.15054,,
-8.53919,37.15125,,
-8.539,38.21564,,
-8.53854,41.29943,,
-8.53828,43.26727,,
-8.53801,42.87354,,
-8.53782,40.35642,,
-8.53782,43.26868,,
-8.53763,40.09839,,
-8.53745,39.89803,,
-8.5373,42.73696,,
-8.53708,40.6843,,
-8.53644,40.9777,,
-8.53614,37.1588,,
-8.536,37.15886,,
-8.53596,40.75584,,
-8.53592,42.88929,,
-8.53583,40.61361,,
-8.53565,40.75455,,
-8.5352,40.54563,,
-8.53448,40.93677,,
-8.5342,38.29475,,
-8.53396,38.29535,,
-8.53379,40.50761,,
-8.53349,42.89174,,
-8.53346,39.46807,,
-8.53316,40.19163,,
-8.53313,37.1636,,
-8.53307,37.17832,,
-8.53174,42.17882,,
-8.53115,41.30522,,
-8.531,41.20291,,
-8.53081,42.8532,,
-8.53011,41.53018,,
-8.53009,40.54013,,
-8.52976,43.29196,,
-8.52971,42.7346,,
-8.52861,37.19806,,
-8.5282,42.83724,,
-8.52764,40.06775,,
-8.52722,40.60861,,
-8.52697,42.85219,,
-8.52644,43.27878,,
-8.5261,40.07069,,
-8.52478,41.67723,,
-8.52434,41.23007,,
-8.52373,40.5451,,
-8.52372,40.93103,,
-8.52333,41.66938,,
-8.52306,42.901,,
-8.52276,42.17888,,
-8.52232,40.64378,,
-8.52225,42.9016,,
-8.52213,41.53228,,
-8.52192,42.86135,,
-8.52181,39.5618,,
-8.52167,39.89888,,
-8.51919,42.50621,,
-8.5183,39.45063,,
-8.51826,39.90008,,
-8.51746,38.4014,,
-8.51603,41.65679,,
-8.51576,40.44272,,
-8.51503,40.44168,,
-8.51456,40.5506,,
-8.51436,40.10712,,
-8.51406,40.6024,,
-8.51374,42.88644,,
-8.51371,40.94969,,
-8.5137,41.19187,,
-8.51367,40.36005,,
-8.51322,38.63562,,
-8.51288,38.3852,,
-8.51136,38.93954,,
-8.51111,41.33935,,
-8.51082,41.53341,,
-8.51057,42.68788,,
-8.51045,42.89972,,
-8.5104,38.93972,,
-8.51011,40.18272,,
-8.50975,41.53735,,
-8.50879,40.26833,,
-8.50878,38.3022,,
-8.50861,41.41802,,
-8.50813,40.36009,,
-8.50747,41.25229,,
-8.50744,41.79629,,
-8.50651,41.19715,,
-8.50574,38.94042,,
-8.50379,41.65047,,
-8.5034,40.11154,,
-8.5029,42.8311,,
-8.50287,42.15864,,
-8.50253,39.90452,,
-8.50152,40.11786,,
-8.50134,40.19989,,
-8.50125,41.40356,,
-8.50048,41.40456,,
-8.50024,39.72617,,
-8.49994,42.1556,,
-8.49987,42.14835,,
-8.49938,42.09645,,
-8.49938,42.14605,,
-8.49904,43.28959,,
-8.49888,41.43809,,
-8.49864,40.6961,,
-8.49863,42.11379,,
-8.49787,40.36272,,
-8.49751,40.42144,,
-8.49612,40.13366,,
-8.49556,40.90691,,
-8.49515,42.9174,,
-8.49496,40.34589,,
-8.49467,41.24046,,
-8.49451,41.44511,,
-8.49417,40.24556,,
-8.49391,40.20191,,
-8.49347,40.1664,,
-8.49347,40.24239,,
-8.49336,40.37588,,
-8.49315,40.33195,,
-8.4925,40.59472,,
-8.49226,40.55405,,
-8.49212,42.91917,,
-8.49063,40.55619,,
-8.49048,40.39741,,
-8.48891,40.50249,,
-8.48815,40.12637,,
-8.48804,40.19997,,
-8.48794,40.5015,,
-8.48735,40.91451,,
-8.48702,40.19413,,
-8.48645,41.59355,,
-8.48639,38.13389,,
-8.48638,40.55853,,
-8.48561,41.47395,,
-8.48461,39.41095,,
-8.4845,40.7745,,
-8.48439,43.30742,,
-8.48366,40.12843,,
-8.48348,39.41429,,
-8.4834,39.64328,,
-8.48313,40.76864,,
-8.48308,42.92619,,
-8.48288,39.9082,,
-8.48263,41.19252,,
-8.48249,43.32342,,
-8.48231,40.89388,,
-8.482,41.38857,,
-8.48199,40.85557,,
-8.48199,40.85557,,
-8.48094,41.53052,,
-8.48081,43.32444,,
-8.48048,40.27515,,
-8.4804,41.53074,,
-8.479,39.46178,,
-8.47822,40.88852,,
-8.47799,41.33185,,
-8.47703,39.45437,,
-8.47613,40.13169,,
-8.47593,39.47359,,
-8.47591,41.18797,,
-8.47589,41.48613,,
-8.47535,40.13193,,
-8.47528,40.66167,,
-8.47477,43.30913,,
-8.47447,40.37355,,
-8.47426,41.62915,,
-8.47421,39.36683,,
-8.47394,43.32164,,
-8.47357,40.37425,,
-8.4722,40.20713,,
-8.4721,40.2705,,
-8.47111,41.29192,,
-8.47071,41.3123,,
-8.46975,41.46859,,
-8.46944,40.63861,,
-8.46926,40.84162,,
-8.46926,40.84162,,
-8.46899,41.80407,,
-8.46886,40.59512,,
-8.4676,41.4706,,
-8.46749,41.34062,,
-8.4674,43.32857,,
-8.46736,42.51954,,
-8.46702,39.91322,,
-8.46671,40.96913,,
-8.46661,42.93458,,
-8.46561,37.13799,,
-8.46553,42.79551,,
-8.46545,43.30388,,
-8.46506,40.62821,,
-8.46488,41.49359,,
-8.46486,41.53323,,
-8.46424,41.47335,,
-8.4642,41.49287,,
-8.46349,37.10431,,
-8.46297,41.53349,,
-8.46175,37.14249,,
-8.46075,41.48179,,
-8.45991,43.2406,,
-8.45901,40.88803,,
-8.45884,42.14368,,
-8.45805,40.51533,,
-8.45666,39.91666,,
-8.45567,42.12734,,
-8.45556,37.14435,,
-8.45554,40.16881,,
-8.45539,40.16915,,
-8.45516,43.29269,,
-8.4544,40.47215,,
-8.45428,40.36594,,
-8.4539,40.47772,,
-8.45326,38.97574,,
-8.4532,43.33475,,
-8.45285,41.50763,,
-8.45271,43.33398,,
-8.45256,40.88431,,
-8.45212,41.18416,,
-8.45205,43.34305,,
-8.4519,40.48204,,
-8.45139,40.4485,,
-8.45116,42.70063,,
-8.45098,42.20664,,
-8.45086,40.58176,,
-8.45035,40.19314,,
-8.44923,40.30824,,
-8.44916,37.13195,,
-8.44896,41.06993,,
-8.44867,41.61674,,
-8.44845,40.30556,,
-8.44731,40.07511,,
-8.44667,40.48791,,
-8.44667,40.50682,,
-8.44607,41.50767,,
-8.44596,42.71308,,
-8.44315,40.25362,,
-8.44267,40.26642,,
-8.44255,41.5966,,
-8.44202,39.48991,,
-8.44169,42.14839,,
-8.43954,41.54353,,
-8.4394,40.2213,,
-8.43928,41.61686,,
-8.43927,40.20938,,
-8.43829,42.75901,,
-8.43797,40.18357,,
-8.4379,43.34456,,
-8.43788,41.58949,,
-8.43759,41.58993,,
-8.43729,40.20671,,
-8.4372,43.35348,,
-8.43647,40.20788,,
-8.43643,42.98176,,
-8.43622,40.23511,,
-8.43581,39.49064,,
-8.43412,43.35048,,
-8.43357,41.81398,,
-8.43348,41.62933,,
-8.43333,41.62705,,
-8.43332,41.49384,,
-8.43283,41.54025,,
-8.4323,43.36339,,
-8.43217,40.1844,,
-8.43213,39.49,,
-8.43206,38.6646,,
-8.43202,40.24368,,
-8.4319,43.00942,,
-8.43189,41.57595,,
-8.43157,41.55228,,
-8.43136,41.65879,,
-8.43118,43.01597,,
-8.43064,42.67166,,
-8.43054,40.20115,,
-8.43044,39.61298,,
-8.43005,40.19986,,
-8.43,41.554,,
-8.4298,43.35475,,
-8.42934,40.1875,,
-8.428625,42.149456,,
-8.42848,43.35531,,
-8.42826,41.57209,,
-8.42797,40.22673,,
-8.42789,39.45887,,
-8.42789,43.35547,,
-8.42738,41.56932,,
-8.42713,43.34672,,
-8.42709,42.99381,,
-8.42703,41.55704,,
-8.42668,43.37448,,
-8.4263,43.34691,,
-8.42629,43.36799,,
-8.42572,41.66735,,
-8.42557,39.92065,,
-8.42542,43.03541,,
-8.42528,41.54456,,
-8.42519,39.59413,,
-8.42484,43.37023,,
-8.42465,43.36775,,
-8.42404,41.5578,,
-8.4234,40.9472,,
-8.423226,43.338074,,
-8.42306,37.14901,,
-8.42216,40.09972,,
-8.42192,40.21911,,
-8.42178,43.33262,,
-8.42149,40.1927,,
-8.42119,39.51202,,
-8.42004,40.09975,,
-8.41922,41.49629,,
-8.41892,40.66465,,
-8.4187,41.19451,,
-8.41782,40.56388,,
-8.4174,43.36014,,
-8.41724,43.35089,,
-8.41695,38.07967,,
-8.41694,43.36277,,
-8.41643,41.83305,,
-8.41638,40.22616,,
-8.41521,39.92322,,
-8.41521,43.35308,,
-8.41515,38.12558,,
-8.41487,40.19346,,
-8.41445,41.49337,,
-8.41426,43.32458,,
-8.41391,38.66017,,
-8.41381,42.15307,,
-8.41367,39.9227,,
-8.41271,42.91472,,
-8.41104,43.36107,,
-8.41067,41.25436,,
-8.41062,43.36235,,
-8.40994,43.34289,,
-8.40923,43.37999,,
-8.40895,43.36712,,
-8.40884,41.55189,,
-8.40861,43.34359,,
-8.40838,43.35173,,
-8.40814,43.26837,,
-8.40809,43.34613,,
-8.40798,43.36238,,
-8.40727,38.11765,,
-8.40719,40.21978,,
-8.40678,43.35818,,
-8.40605,43.35563,,
-8.40593,43.36976,,
-8.4058,40.22436,,
-8.40545,43.36243,,
-8.40537,43.36496,,
-8.4052,39.92118,,
-8.40516,41.6222,,
-8.40514,43.35956,,
-8.40384,41.54146,,
-8.40379,40.21421,,
-8.40354,43.09246,,
-8.40351,43.36579,,
-8.4032,40.22399,,
-8.40318,42.90824,,
-8.403107,43.37278,,
-8.40264,39.58731,,
-8.40233,38.04993,,
-8.401,43.36802,,
-8.40062,43.3522,,
-8.4005,40.30491,,
-8.40046,41.5551,,
-8.40021,43.33124,,
-8.3996,40.20805,,
-8.39947,43.34355,,
-8.39902,41.25709,,
-8.399,40.66611,,
-8.39885,40.209,,
-8.39875,43.11565,,
-8.39849,39.91877,,
-8.39801,40.19941,,
-8.39799,40.19504,,
-8.3977,43.38101,,
-8.39752,40.19563,,
-8.39732,43.36995,,
-8.39611,39.60797,,
-8.39589,43.11842,,
-8.39546,43.32967,,
-8.39523,43.32993,,
-8.39523,43.33004,,
-8.39522,40.2193,,
-8.39508,39.57517,,
-8.39497,42.70744,,
-8.39399,41.50263,,
-8.3934,41.25818,,
-8.39324,39.56905,,
-8.39291,39.56357,,
-8.39096,43.34997,,
-8.39063,43.36737,,
-8.39008,41.36686,,
-8.39008,43.35129,,
-8.39007,39.9245,,
-8.38883,39.61618,,
-8.38744,39.58004,,
-8.38635,40.65984,,
-8.38597,38.01187,,
-8.38577,43.14946,,
-8.38576,39.924,,
-8.38449,39.56969,,
-8.38426,43.31987,0,
-8.38415,42.16665,,
-8.38414,43.32066,,
-8.38286,38.65439,,
-8.38278,43.33194,,
-8.38262,39.62154,,
-8.38219,40.90133,,
-8.38163,40.17534,,
-8.37989,40.77643,,
-8.37964,39.55031,,
-8.37915,40.30923,,
-8.37835,43.33272,,
-8.37787,39.597,,
-8.37754,39.93191,,
-8.37603,41.4089,,
-8.37528,41.26966,,
-8.37508,41.50288,,
-8.37487,40.76253,,
-8.37461,39.63783,,
-8.37452,40.01521,,
-8.37429,40.00774,,
-8.37339,43.33095,,
-8.37312,41.261,,
-8.37244,41.18728,,
-8.3724,43.30217,,
-8.3723,42.91774,,
-8.37168,41.41016,,
-8.37036,43.31823,,
-8.37021,39.74525,,
-8.36931,41.56991,,
-8.36894,43.26392,,
-8.36802,43.32975,,
-8.36776,41.18933,,
-8.36712,39.551,,
-8.36671,41.19105,,
-8.36617,43.33294,,
-8.36518,43.27742,,
-8.36453,39.47317,,
-8.36431,43.32725,,
-8.36362,43.25312,,
-8.36218,41.49459,,
-8.36051,41.4918,,
-8.36037,39.8949,,
-8.36001,42.90624,,
-8.35973,41.45946,,
-8.35959,39.89359,,
-8.35858,37.34673,,
-8.35832,43.0776,,
-8.35811,37.16759,,
-8.35776,41.19295,,
-8.35729,43.33969,,
-8.35704,43.33109,,
-8.35622,39.88722,,
-8.3561,43.24011,,
-8.35545,41.4609,,
-8.35419,43.3119,,
-8.35332,39.87992,,
-8.35274,37.13209,,
-8.35183,37.13205,,
-8.35151,41.37947,,
-8.35085,40.18279,,
-8.35074,37.13172,,
-8.35013,39.78113,,
-8.35006,39.86979,,
-8.34985,40.18301,,
-8.3498,43.10014,,
-8.34497,40.66925,,
-8.34314,37.38794,,
-8.34264,43.3296,,
-8.34126,43.32331,,
-8.34081,43.34613,,
-8.33942,41.42803,,
-8.33812,43.32435,,
-8.3374,37.40074,,
-8.33734,41.38909,,
-8.33727,43.35315,,
-8.33564,42.94876,,
-8.33475,37.12417,,
-8.33362,42.91774,,
-8.3336,37.4058,,
-8.33336,43.35562,,
-8.33307,40.13239,,
-8.33254,41.4288,,
-8.33253,40.12156,,
-8.33116,41.47233,,
-8.33103,37.12966,,
-8.32999,43.3082,,
-8.32931,43.32499,,
-8.32929,41.4705,,
-8.32825,43.1268,,
-8.32606,41.5878,,
-8.32592,41.39683,,
-8.32559,43.30149,,
-8.32548,42.73759,,
-8.32498,38.72526,,
-8.32439,37.41632,,
-8.32359,37.1242,,
-8.32281,42.9154,,
-8.32059,41.50715,,
-8.32018,42.69866,,
-8.31962,37.31233,,
-8.31908,40.30297,,
-8.3188,41.4377,,
-8.31872,40.30265,,
-8.31735,42.69929,,
-8.31691,39.53628,,
-8.31605,40.17145,,
-8.3159,41.1687,,
-8.31525,41.27528,,
-8.31141,43.18571,,
-8.30964,42.96568,,
-8.30736,43.29652,,
-8.30639,41.1759,,
-8.30509,41.45119,,
-8.30506,41.45117,,
-8.30397,43.28618,,
-8.30384,37.12825,,
-8.3032,37.12816,,
-8.30236,41.5865,,
-8.30185,43.08394,,
-8.30048,41.23721,,
-8.3002,37.12793,,
-8.29997,41.15182,,
-8.29984,37.17103,,
-8.29773,37.50129,,
-8.29773,37.50129,,
-8.29753,37.1607,,
-8.29679,41.45405,,
-8.29571,40.38876,,
-8.29513,38.10485,,
-8.2949,41.45471,,
-8.29485,43.31761,,
-8.29482,38.58404,,
-8.29479,42.72332,,
-8.29458,41.14058,,
-8.29387,41.13219,,
-8.29302,40.27981,,
-8.29194,42.98667,,
-8.29028,42.98866,,
-8.28773,41.21172,,
-8.2871,40.27766,,
-8.28698,43.33877,,
-8.28682,37.20335,,
-8.28624,37.21745,,
-8.28573,41.45478,,
-8.28527,37.12863,,
-8.2838,40.44629,,
-8.28363,37.51428,,
-8.28363,37.51428,,
-8.2835,43.35571,,
-8.28269,42.92553,,
-8.28219,42.22321,,
-8.28198,42.22171,,
-8.28159,43.28867,,
-8.2814,40.68031,,
-8.28097,42.108,,
-8.28029,43.28698,,
-8.28023,42.2196,,
-8.27994,43.34145,,
-8.27981,40.17206,,
-8.2774,42.20274,,
-8.27708,37.12884,,
-8.27703,43.30896,,
-8.27583,43.29564,,
-8.27569,37.12891,,
-8.27399,43.22416,,
-8.27372,39.48605,,
-8.27236,43.30468,,
-8.27033,40.14726,,
-8.26944,43.3031,,
-8.26941,43.30167,,
-8.26904,37.08901,,
-8.26712,43.29641,,
-8.26705,37.543,,
-8.26705,37.543,,
-8.26602,43.49582,,
-8.26502,37.98819,,
-8.26484,43.29459,,
-8.26333,40.18074,,
-8.26212,37.57463,,
-8.26166,37.56659,,
-8.26166,37.56659,,
-8.26166,38.65035,,
-8.26157,41.30542,,
-8.26072,40.14219,,
-8.25875,40.1851,,
-8.25871,42.71728,,
-8.25856,37.34581,,
-8.25853,37.25984,,
-8.25704,37.13175,,
-8.25662,40.18724,,
-8.2566,43.27368,,
-8.25554,37.09629,,
-8.25458,37.13035,,
-8.25421,37.31189,,
-8.25415,42.71575,,
-8.25403,43.25843,,
-8.2538,40.18816,,
-8.25093,37.60181,,
-8.24985,37.11187,,
-8.24732,40.14838,,
-8.24551,43.26905,,
-8.24459,40.68809,,
-8.24415,43.48843,,
-8.24311,43.28328,,
-8.24176,37.21758,,
-8.23924,43.48962,,
-8.23879,37.21175,,
-8.23788,37.09237,,
-8.23779,43.2689,,
-8.23677,39.48094,,
-8.23609,37.09262,,
-8.23572,40.20839,,
-8.23426,43.49356,,
-8.23426,43.4938,,
-8.2327,43.49348,,
-8.23173,41.26901,,
-8.23159,42.70984,,
-8.23002,42.69416,,
-8.22858,40.15788,,
-8.22721,41.33769,,
-8.22681,37.44632,,
-8.2248,41.33784,,
-8.22423,40.33737,,
-8.22419,43.27294,,
-8.2241,43.26792,,
-8.2228,41.45684,,
-8.22265,41.45663,,
-8.22229,38.64908,,
-8.22216,37.15344,,
-8.22168,43.27308,,
-8.22138,38.65294,,
-8.22085,38.65221,,
-8.22056,43.32722,,
-8.22029,43.52049,,
-8.22022,39.48472,,
-8.21958,43.27141,,
-8.21932,43.27771,,
-8.21892,37.16025,,
-8.2189,37.16275,,
-8.2179,43.27194,,
-8.21644,43.27092,,
-8.21632,41.62236,,
-8.21561,41.45105,,
-8.21549,43.32999,,
-8.21535,43.3265,,
-8.21472,42.62194,,
-8.21406,39.92328,,
-8.21351,37.17471,,
-8.21331,43.48985,,
-8.21245,43.26302,,
-8.21138,43.28711,,
-8.21133,43.37625,,
-8.21118,43.37514,,
-8.21116,42.68648,,
-8.21089,43.28616,,
-8.21033,43.37233,,
-8.20978,37.12179,,
-8.20944,43.48667,,
-8.20918,37.15473,,
-8.20886,43.37546,,
-8.20829,43.28755,,
-8.2081,43.3346,,
-8.20761,43.26553,,
-8.20675,41.33991,,
-8.20667,43.48861,,
-8.20659,40.3488,,
-8.20574,43.25808,,
-8.20564,43.40582,,
-8.20517,43.3076,,
-8.20496,43.48807,,
-8.20463,43.56875,,
-8.20444,41.28273,,
-8.2043,37.88904,,
-8.2043,37.88904,,
-8.20425,43.49479,,
-8.2039,41.28321,,
-8.20382,43.34216,,
-8.20373,43.50305,,
-8.20251,43.44307,,
-8.2021,43.31871,,
-8.20209,43.35346,,
-8.202,43.3497,,
-8.20197,41.28466,,
-8.20167,38.09237,,
-8.20166,43.40526,,
-8.20109,41.2852,,
-8.20024,39.45732,,
-8.19957,43.07129,,
-8.19937,42.28967,,
-8.19847,43.48232,,
-8.19793,43.24705,,
-8.19689,43.28222,,
-8.19673,39.4587,,
-8.19652,43.50452,,
-8.19604,41.45396,,
-8.19549,43.28355,,
-8.19524,41.22761,,
-8.19496,43.52709,,
-8.19366,43.49458,,
-8.19357,43.44592,,
-8.19325,40.68251,,
-8.19317,39.46952,,
-8.19314,43.4855,,
-8.1931,43.51697,,
-8.19301,43.40799,,
-8.19288,37.12363,,
-8.19283,41.45551,,
-8.19242,38.64473,,
-8.19216,42.29234,,
-8.19215,37.56516,,
-8.19083,43.22389,,
-8.18915,43.21861,,
-8.18787,43.21479,,
-8.1869,37.09625,,
-8.1856,43.16429,,
-8.18421,42.6832,,
-8.18403,37.8812,,
-8.18403,37.8812,,
-8.1835,43.08847,,
-8.18334,39.48508,,
-8.18323,43.21208,,
-8.18306,43.16741,,
-8.18167,37.528,,
-8.18153,43.09113,,
-8.18077,42.30034,,
-8.18067,37.10827,,
-8.18024,43.44855,,
-8.17955,40.34766,,
-8.17931,43.36922,,
-8.17924,43.36142,,
-8.17877,39.81971,,
-8.17798,40.68209,,
-8.17761,43.50296,,
-8.17721,43.17346,,
-8.17705,39.49145,,
-8.17692,41.23154,,
-8.17686,43.54514,,
-8.17636,37.5947,,
-8.17582,43.20033,,
-8.17579,41.34934,,
-8.17424,43.39323,,
-8.17355,38.66543,,
-8.17327,43.5516,,
-8.17312,43.47572,,
-8.17303,43.38094,,
-8.17267,43.50137,,
-8.17229,41.34376,,
-8.17149,43.2434,,
-8.17132,43.39736,,
-8.17054,40.68111,,
-8.16899,43.39171,,
-8.1688,43.3977,,
-8.16879,40.68042,,
-8.16785,39.50839,,
-8.1676,43.401,,
-8.16703,43.42423,,
-8.16697,43.39473,,
-8.16673,43.44875,,
-8.16619,43.25055,,
-8.16497,43.48479,,
-8.16472,43.4875,,
-8.16382,39.08732,,
-8.16251,41.20372,,
-8.1625,43.46322,,
-8.1621,43.4029,,
-8.16194,42.62423,,
-8.16135,41.19871,,
-8.16119,43.46611,,
-8.15962,43.46389,,
-8.15958,42.67287,,
-8.15951,39.04366,,
-8.15864,42.30776,,
-8.15789,43.46586,,
-8.15735,43.48234,,
-8.15701,43.493,,
-8.15625,37.65695,,
-8.15549,43.43929,,
-8.15401,37.12855,,
-8.15393,43.50642,,
-8.15349,43.12626,,
-8.15294,43.12902,,
-8.15294,43.41715,,
-8.15246,43.11915,,
-8.15218,43.13201,,
-8.15165,43.13757,,
-8.15136,42.93008,,
-8.15135,43.4197,,
-8.15112,43.5934,,
-8.14763,39.97163,,
-8.14719,39.82318,,
-8.14699,40.68358,,
-8.14673,43.42913,,
-8.14643,39.09903,,
-8.14587,38.54192,,
-8.14511,37.12318,,
-8.14416,43.54541,,
-8.1441,39.94789,,
-8.14387,43.60644,,
-8.14358,39.90606,,
-8.14274,42.3027,,
-8.14256,38.38884,,
-8.14213,39.10324,,
-8.1412,42.66816,,
-8.14051,42.29747,,
-8.14038,40.69454,,
-8.13982,39.48525,,
-8.13968,38.07693,,
-8.13727,43.3803,,
-8.13724,38.67646,,
-8.13683,40.69324,,
-8.13338,43.10206,,
-8.13247,42.64009,,
-8.13187,40.55264,,
-8.12977,43.62824,,
-8.12706,37.14841,,
-8.12684,42.6458,,
-8.12671,43.00688,,
-8.12666,42.31491,,
-8.12532,40.38761,,
-8.12488,37.0908,,
-8.12452,43.46094,,
-8.12433,42.33868,,
-8.12421,43.07931,,
-8.12141,42.32229,,
-8.11978,42.36747,,
-8.11836,42.34583,,
-8.11781,42.38069,,
-8.11742,42.5093,,
-8.11687,42.61913,,
-8.11521,43.23968,,
-8.11401,43.6209,,
-8.11349,42.93176,,
-8.11288,40.43196,,
-8.11123,37.13701,,
-8.11093,39.8049,,
-8.11088,42.42651,,
-8.11072,40.43575,,
-8.10848,43.43902,,
-8.1078,42.30826,,
-8.10605,37.09231,,
-8.10542,43.01644,,
-8.10488,43.01785,,
-8.10474,42.4254,,
-8.10407,38.62632,,
-8.10285,41.44348,,
-8.1024,39.28432,,
-8.101,43.63302,,
-8.09826,42.67286,,
-8.09638,42.63014,,
-8.09243,37.07823,,
-8.09026,42.99886,,
-8.08847,43.5253,,
-8.08662,43.52497,,
-8.08554,38.61872,,
-8.08508,42.40156,,
-8.08315,39.16713,,
-8.08292,40.50134,,
-8.08236,40.49919,,
-8.08071,40.74862,,
-8.07952,40.74866,,
-8.07825,42.9161,,
-8.07733,39.27825,,
-8.07382,43.53212,,
-8.07338,41.26217,,
-8.07323,37.71511,,
-8.07316,38.61313,,
-8.07142,40.29076,,
-8.07004,42.98365,,
-8.06967,42.73761,,
-8.06876,42.98277,,
-8.06691,43.53097,,
-8.06554,39.27344,,
-8.06528,42.65224,,
-8.06471,42.57938,,
-8.06325,37.72602,,
-8.05931,40.53568,,
-8.05886,43.65818,,
-8.05859,42.7438,,
-8.05549,38.60616,,
-8.05535,39.2083,,
-8.05473,40.54454,,
-8.05336,40.73649,,
-8.05191,43.21508,,
-8.0518,43.63732,,
-8.0516,43.64388,,
-8.0509,40.31798,,
-8.0503,40.56426,,
-8.04862,43.66172,,
-8.04575,37.10493,,
-8.04531,42.56599,,
-8.04488,43.65328,,
-8.04359,43.6511,,
-8.04017,40.65135,,
-8.03985,42.74857,,
-8.03925,42.74861,,
-8.03764,38.60159,,
-8.0367,37.75463,,
-8.03588,40.74327,,
-8.0358,41.94518,,
-8.03437,43.49942,,
-8.0339,41.25737,,
-8.03372,38.06492,,
-8.03249,42.41406,,
-8.02766,42.47079,,
-8.02745,42.86798,,
-8.02732,42.415,,
-8.0267,40.63606,,
-8.02343,42.76255,,
-8.0225,42.63222,,
-8.02149,37.08427,,
-8.01861,42.45675,,
-8.0179,37.12925,,
-8.01785,43.19242,,
-8.01681,42.90466,,
-8.0164,42.90639,,
-8.01636,41.26913,,
-8.01568,43.19143,,
-8.0154,42.40608,,
-8.01362,42.45929,,
-8.01113,37.08222,,
-8.00841,42.39915,,
-8.00541,42.35324,,
-8.00517,42.35631,,
-8.0047,37.13728,,
-8.00284,39.77258,,
-8.00088,42.37199,,
-7.99947,40.81817,,
-7.99574,40.73084,,
-7.99561,40.7301,,
-7.99523,42.46494,,
-7.99176,42.34778,,
-7.99072,43.65417,,
-7.98925,38.76822,,
-7.98892,42.46806,,
-7.98655,40.31944,,
-7.9862,38.05412,,
-7.98307,40.71825,,
-7.9824,43.70379,,
-7.98128,38.71971,,
-7.9788,41.21448,,
-7.97752,40.71446,,
-7.977,37.14525,,
-7.9755,42.46393,,
-7.97522,40.45217,,
-7.97417,37.06624,,
-7.97406,40.71498,,
-7.97338,37.14655,,
-7.97269,40.45431,,
-7.97002,43.44108,,
-7.96899,43.19233,,
-7.96769,40.55619,,
-7.96691,38.72763,,
-7.9667,42.0642,,
-7.96543,37.03257,,
-7.96543,39.89401,,
-7.96528,37.03251,,
-7.96507,42.33293,,
-7.96296,38.05043,,
-7.96101,40.71401,,
-7.95878,37.056,,
-7.95826,40.65682,,
-7.9581,42.33095,,
-7.955,40.71162,,
-7.95465,42.3404,,
-7.95372,40.71112,,
-7.9533,39.7586,,
-7.95264,43.6101,,
-7.95191,42.45764,,
-7.95158,37.86506,,
-7.95037,40.6202,,
-7.95,37.03836,,
-7.94906,37.03227,,
-7.94857,37.03145,,
-7.94851,40.65104,,
-7.94532,40.70754,,
-7.94494,40.65475,,
-7.94458,41.2671,,
-7.94356,40.69876,,
-7.94024,43.19146,,
-7.94009,40.62803,,
-7.94,42.2074,,
-7.937,40.65723,,
-7.93594,38.43366,,
-7.93546,37.02585,,
-7.93509,40.69868,,
-7.93332,43.44137,,
-7.93329,37.87296,,
-7.93297,40.86381,,
-7.93251,38.56451,,
-7.9317,42.33951,,
-7.9295,42.45582,,
-7.92928,40.63568,,
-7.92816,43.63999,,
-7.92779,40.69176,,
-7.92767,40.91628,,
-7.92741,40.68855,,
-7.92721,40.91512,,
-7.92433,38.57642,,
-7.9238,38.5772,,
-7.92278,40.64545,,
-7.92246,42.77896,,
-7.92225,40.67953,,
-7.92178,42.44582,,
-7.9217,40.64654,,
-7.92168,40.32418,,
-7.92062,40.6706,,
-7.91991,37.87995,,
-7.91915,40.66927,,
-7.91896,40.89131,,
-7.91762,39.73628,,
-7.91676,40.649,,
-7.9139,41.2794,,
-7.91331,40.71415,,
-7.91139,42.64889,,
-7.9102,40.64566,,
-7.91009,40.66484,,
-7.90945,40.72748,,
-7.9093,40.63204,,
-7.90921,42.35415,,
-7.9092,39.91796,,
-7.90896,40.48692,,
-7.90884,40.63851,,
-7.90847,38.56529,,
-7.9081,40.6516,,
-7.90806,42.35444,,
-7.9072,37.0945,,
-7.90707,40.65332,,
-7.90687,37.09509,,
-7.90639,42.42922,,
-7.90484,40.66663,,
-7.90462,42.3553,,
-7.89808,40.49548,,
-7.89741,40.31525,,
-7.89698,40.49646,,
-7.89648,42.28746,,
-7.89586,40.6649,,
-7.89561,42.2363,,
-7.89361,42.35576,,
-7.89223,37.1319,,
-7.89215,40.5,,
-7.89063,40.68346,,
-7.89048,41.15872,,
-7.88957,40.96675,,
-7.88876,40.51184,,
-7.88841,37.02618,,
-7.88834,40.31787,,
-7.88769,42.32409,,
-7.88658,40.57735,,
-7.88642,40.51585,,
-7.88618,40.57631,,
-7.88615,40.98033,,
-7.88606,39.44572,,
-7.88602,40.57405,,
-7.88434,43.19176,,
-7.88425,42.78485,,
-7.88224,40.68311,,
-7.88155,37.02713,,
-7.88013,40.68564,,
-7.87871,40.56935,,
-7.87804,42.33929,,
-7.87797,42.33958,,
-7.8778,41.28121,,
-7.8774,42.34893,,
-7.87732,42.24258,,
-7.87706,40.32605,,
-7.87674,40.68894,,
-7.8764,39.23454,,
-7.87638,42.35172,,
-7.87555,43.1929,,
-7.87507,42.28733,,
-7.87503,37.94214,,
-7.874,40.69241,,
-7.87328,39.93988,,
-7.87294,42.41653,,
-7.87264,38.01833,,
-7.87224,43.42983,,
-7.87218,38.00845,,
-7.87194,41.28051,,
-7.87185,37.05397,,
-7.87183,43.44103,,
-7.87121,42.4283,,
-7.87044,37.92128,,
-7.87014,43.19213,,
-7.8701,42.2672,,
-7.86981,39.72016,,
-7.86896,42.29816,,
-7.8687,42.25636,,
-7.86862,42.29412,,
-7.86855,42.44064,,
-7.8675,40.65119,,
-7.86739,40.55812,,
-7.8669,42.34984,,
-7.86621,40.52147,,
-7.86549,42.41077,,
-7.86532,39.73211,,
-7.86359,40.64291,,
-7.86312,38.00539,,
-7.86292,43.18966,,
-7.86241,42.32604,,
-7.86212,42.31745,,
-7.8618,42.31643,,
-7.86171,42.3317,,
-7.86147,42.36336,,
-7.86057,40.64798,,
-7.86054,40.91917,,
-7.86047,38.00527,,
-7.86014,39.12367,,
-7.85957,40.54281,,
-7.85926,42.31238,,
-7.85879,37.83585,,
-7.85806,42.28469,,
-7.85747,37.82725,,
-7.8559,42.386,,
-7.8557,42.3767,,
-7.85462,42.36854,,
-7.85456,39.71601,,
-7.85361,37.79278,,
-7.85298,40.33883,,
-7.85295,40.35003,,
-7.85258,42.34314,,
-7.85237,42.47645,,
-7.85215,42.38945,,
-7.85204,42.34255,,
-7.85169,42.23586,,
-7.85133,42.3964,,
-7.85084,42.38691,,
-7.85059,42.87487,,
-7.8505,42.34077,,
-7.85016,42.36178,,
-7.84994,42.39574,,
-7.8497,42.39376,,
-7.84802,40.34643,,
-7.848,42.3614,,
-7.84724,40.63546,,
-7.84597,40.63426,,
-7.84578,37.02364,,
-7.84528,43.18733,,
-7.84493,42.22534,,
-7.8426,40.51824,,
-7.84216,40.35982,,
-7.84189,40.71003,,
-7.8408,42.28388,,
-7.83914,42.21526,,
-7.83877,39.44338,,
-7.83874,40.71149,,
-7.83795,43.63875,,
-7.83711,38.14312,,
-7.83671,40.9107,,
-7.83422,42.26348,,
-7.83264,40.7145,,
-7.83134,40.71673,,
-7.8311,37.03226,,
-7.83053,37.02971,,
-7.83048,42.21472,,
-7.83045,39.71161,,
-7.8287,42.31617,,
-7.82861,43.18506,,
-7.82856,37.03857,,
-7.82802,37.03387,,
-7.82793,40.72059,,
-7.82623,41.28411,,
-7.8237,40.35128,,
-7.82153,38.53322,,
-7.82068,42.34442,,
-7.81973,39.71066,,
-7.81775,38.02337,,
-7.81702,40.35734,,
-7.81523,42.20631,,
-7.81516,41.28463,,
-7.81457,39.70973,,
-7.81379,42.34513,,
-7.81346,40.35951,,
-7.81329,40.57088,,
-7.81295,38.02356,,
-7.81187,37.06414,,
-7.81158,37.06573,,
-7.81145,38.17964,,
-7.80909,41.10514,,
-7.80828,42.55111,,
-7.80762,39.44611,,
-7.80717,40.58006,,
-7.80444,41.2837,,
-7.8036,38.18988,,
-7.80313,40.72601,,
-7.80215,41.09128,,
-7.8017,40.58889,,
-7.80039,37.07498,,
-7.8003,38.52134,,
-7.79889,41.08561,,
-7.79851,41.09002,,
-7.79816,38.51992,,
-7.79816,38.51992,,
-7.79661,41.16306,,
-7.79619,39.54079,,
-7.79563,42.80022,,
-7.79461,40.66834,,
-7.79015,39.69782,,
-7.78828,39.53033,,
-7.78797,39.68609,,
-7.78764,41.05262,,
-7.787,41.05469,,
-7.78666,42.29302,,
-7.78483,43.37863,,
-7.78385,43.3933,,
-7.78349,38.02757,,
-7.78163,40.62585,,
-7.78161,38.50907,,
-7.78014,41.16174,,
-7.77983,38.50789,,
-7.77983,38.50789,,
-7.77639,41.0322,,
-7.77588,41.1053,,
-7.7756,39.52095,,
-7.775,40.47417,,
-7.77219,41.14029,,
-7.77071,39.51794,,
-7.77027,40.47209,,
-7.77026,42.08796,,
-7.77019,37.15358,,
-7.76953,42.59773,,
-7.76914,40.47169,,
-7.76897,42.63513,,
-7.76508,42.81599,,
-7.76343,41.17457,,
-7.7633,40.73817,,
-7.76258,42.17233,,
-7.76012,39.47737,,
-7.75927,41.28645,,
-7.75886,38.49726,,
-7.75689,41.29334,,
-7.75638,43.43078,,
-7.75611,38.02494,,
-7.75342,42.6089,,
-7.75241,38.02527,,
-7.75225,40.46352,,
-7.74865,40.58192,,
-7.74829,42.78443,,
-7.74734,38.74207,,
-7.74566,39.46267,,
-7.74405,42.44169,,
-7.74227,40.39683,,
-7.74176,41.30531,,
-7.74148,40.39801,,
-7.74033,39.45886,,
-7.74001,41.30564,,
-7.73967,40.76725,,
-7.73878,40.44711,,
-7.73769,41.30744,,
-7.73528,40.57485,,
-7.73517,42.44772,,
-7.7346,41.31168,,
-7.73355,42.31626,,
-7.73339,41.28979,,
-7.73336,41.23118,,
-7.7322,41.29773,,
-7.73154,41.30113,,
-7.72991,40.40193,,
-7.72979,41.32347,,
-7.72966,38.02275,,
-7.72954,40.42435,,
-7.72905,41.28466,,
-7.72856,39.20173,,
-7.7257,40.42622,,
-7.72382,38.83459,,
-7.72065,41.29745,,
-7.72045,42.08777,,
-7.71877,42.88829,,
-7.71862,39.4318,,
-7.71694,42.86028,,
-7.71555,42.8636,,
-7.71471,43.25478,,
-7.71462,40.42476,,
-7.71354,43.17475,,
-7.71352,41.256,,
-7.71271,40.4267,,
-7.71268,42.86991,,
-7.71208,37.14013,,
-7.71189,40.66765,,
-7.71131,39.42642,,
-7.71065,43.26131,,
-7.71031,38.01252,,
-7.7101,40.6695,,
-7.71005,40.74925,,
-7.70934,42.87838,,
-7.70842,37.08953,,
-7.70699,41.27121,,
-7.70679,37.09035,,
-7.70512,37.09112,,
-7.70351,39.19703,,
-7.7032,40.45317,,
-7.70277,41.38938,,
-7.70207,43.46774,,
-7.70131,42.88634,,
-7.70061,43.27551,,
-7.69921,43.28114,,
-7.69909,41.50096,,
-7.69895,39.41801,,
-7.69832,42.89065,,
-7.6978,43.29524,,
-7.6967,38.8369,,
-7.6964,42.49236,,
-7.69436,43.32573,,
-7.69396,43.31801,,
-7.69341,42.08805,,
-7.69233,40.75168,,
-7.69157,41.2814,,
-7.69144,40.45967,,
-7.6907,40.75237,,
-7.68956,41.32655,,
-7.68908,41.00648,,
-7.68896,40.75277,,
-7.68893,42.06433,,
-7.68722,40.75342,,
-7.68704,43.16046,,
-7.68571,38.35627,,
-7.68549,42.09181,,
-7.68536,41.42335,,
-7.68342,40.46684,,
-7.68289,43.48133,,
-7.68184,37.1003,,
-7.68072,41.43012,,
-7.67989,41.43188,,
-7.67941,41.49244,,
-7.67856,43.50244,,
-7.67746,40.53035,,
-7.66979,42.90969,,
-7.66978,43.25528,,
-7.66955,39.73246,,
-7.66859,43.24987,,
-7.66805,42.0561,,
-7.66586,39.41123,,
-7.66567,40.75706,,
-7.66459,37.98967,,
-7.66333,42.91492,,
-7.661,43.22928,,
-7.65964,41.38562,,
-7.6593,41.34064,,
-7.65922,40.52946,,
-7.65921,38.83651,,
-7.65908,43.21843,,
-7.65677,40.75687,,
-7.65638,37.13142,,
-7.6548,40.90597,,
-7.6545,43.54397,,
-7.65392,40.61411,,
-7.65303,41.69391,,
-7.65173,37.11565,,
-7.65127,43.72965,,
-7.65024,40.50287,,
-7.64879,43.20769,,
-7.64458,39.41413,,
-7.64273,39.41451,,
-7.6422,43.187,,
-7.64063,37.12915,,
-7.64049,39.6722,,
-7.63753,40.98434,,
-7.63623,42.93034,,
-7.63611,39.48078,,
-7.63583,43.15925,,
-7.6352,39.47221,,
-7.63469,40.91119,,
-7.63463,41.32491,,
-7.63321,42.93325,,
-7.63161,39.46034,,
-7.63094,42.57059,,
-7.63064,40.9134,,
-7.6287,38.84037,,
-7.62644,43.71354,,
-7.62267,38.84391,,
-7.61995,39.42222,,
-7.61806,43.12778,,
-7.61798,42.01701,,
-7.61499,43.108,,
-7.61408,41.34126,,
-7.6124,42.54385,,
-7.61026,43.09912,,
-7.60987,42.30031,,
-7.60987,42.30031,,
-7.60807,39.40527,,
-7.60772,43.11715,,
-7.60673,43.67076,,
-7.60629,41.53845,,
-7.60571,41.53912,,
-7.60499,42.16006,,
-7.60352,43.10662,,
-7.603,43.62855,,
-7.60238,42.86898,,
-7.60227,42.96084,,
-7.60214,43.66357,,
-7.60131,39.39951,,
-7.59796,43.05685,,
-7.59689,38.84578,,
-7.59675,39.38758,,
-7.59662,40.78387,,
-7.59393,42.9717,,
-7.59378,40.78658,,
-7.59039,42.29431,,
-7.59018,42.29418,,
-7.59018,42.29418,,
-7.58822,42.98578,,
-7.58819,39.77264,,
-7.5875,41.72107,,
-7.58336,39.77845,,
-7.58298,43.01659,,
-7.58083,41.15805,,
-7.57915,43.04046,,
-7.57807,43.0252,,
-7.57733,42.01013,,
-7.57722,38.83722,,
-7.57715,43.03814,,
-7.57702,43.2786,,
-7.57574,43.32996,,
-7.5741,40.53288,,
-7.57372,43.03934,,
-7.57341,43.03304,,
-7.57195,43.04127,,
-7.56972,38.8647,,
-7.56669,41.66433,,
-7.56668,38.83526,,
-7.56642,39.37093,,
-7.56597,43.06153,,
-7.56574,40.80377,,
-7.56448,43.00658,,
-7.56314,40.93718,,
-7.56251,40.53626,,
-7.56248,43.0123,,
-7.5612,40.93555,,
-7.56044,43.0097,,
-7.56043,43.02635,,
-7.56041,43.00133,,
-7.55941,41.99435,,
-7.5585,40.93279,,
-7.55806,38.83372,,
-7.55772,43.02066,,
-7.5561,43.01387,,
-7.55025,38.8959,,
-7.54865,42.95557,,
-7.54753,38.42644,,
-7.54751,40.53648,,
-7.54654,41.706,,
-7.54638,39.35596,,
-7.54597,42.99763,,
-7.54177,42.99339,,
-7.54067,41.98075,,
-7.53976,42.53201,,
-7.53922,39.35062,,
-7.53421,40.23316,,
-7.52988,41.71751,,
-7.52866,43.27161,,
-7.52861,40.54972,,
-7.52689,39.34104,,
-7.52556,40.55111,,
-7.52429,43.01263,,
-7.51617,40.91655,,
-7.51586,43.04495,,
-7.51538,41.96072,,
-7.50983,42.99185,,
-7.50936,40.24594,,
-7.50751,42.97146,,
-7.50637,39.33038,,
-7.50566,39.81939,,
-7.50556,39.43222,,
-7.50553,41.9479,,
-7.50528,40.26211,,
-7.50489,40.27021,,
-7.50475,40.26799,,
-7.50437,43.35213,,
-7.50385,39.82989,,
-7.50367,37.18066,,
-7.50342,39.83053,,
-7.50153,41.3687,,
-7.50146,40.27113,,
-7.50146,41.37853,,
-7.50004,40.2673,,
-7.49902,41.76368,,
-7.49827,43.06562,,
-7.4978,42.54859,,
-7.4959,40.1667,,
-7.49431,40.26582,,
-7.49411,39.84619,,
-7.49393,39.84429,,
-7.49369,40.8498,,
-7.49228,39.8735,,
-7.48917,37.33306,,
-7.48881,39.31867,,
-7.48868,37.29914,,
-7.48692,42.61597,,
-7.48671,37.2104,,
-7.48651,40.18985,,
-7.48598,42.62198,,
-7.48584,39.82835,,
-7.48452,38.98017,,
-7.48403,41.72256,,
-7.48397,43.08162,,
-7.48381,43.11174,,
-7.48306,40.56,,
-7.48296,43.23864,,
-7.48288,39.82792,,
-7.48275,43.083,,
-7.4826,39.39078,,
-7.48255,38.98259,,
-7.48001,37.91921,,
-7.47834,43.17698,,
-7.47823,43.18002,,
-7.47819,37.22005,,
-7.47688,38.81413,,
-7.47667,43.36311,,
-7.47631,42.65574,,
-7.47505,41.76138,,
-7.47483,40.09301,,
-7.4742,39.3798,,
-7.47282,39.90844,,
-7.47175,39.31066,,
-7.47128,38.99602,,
-7.47033,42.90421,,
-7.46957,42.90071,,
-7.46835,37.18333,,
-7.46711,40.02647,,
-7.46705,39.01368,,
-7.46578,39.93328,,
-7.46571,40.06909,,
-7.46494,40.08103,,
-7.46331,43.68685,,
-7.46272,41.72726,,
-7.46244,37.18464,,
-7.46218,42.68646,,
-7.46212,38.80852,,
-7.4609,39.9408,,
-7.459,42.69855,,
-7.4588,39.9728,,
-7.45818,39.02601,,
-7.4579,39.19867,,
-7.45757,39.41197,,
-7.45702,40.27157,,
-7.45697,41.91997,,
-7.45678,43.10952,,
-7.45618,39.30111,,
-7.45617,39.35138,,
-7.45511,43.36144,,
-7.45497,39.1812,,
-7.45422,39.15548,,
-7.45295,40.58107,,
-7.45288,39.23532,,
-7.4523,40.31039,,
-7.44972,40.58333,,
-7.448,40.25476,,
-7.4472,42.71792,,
-7.44608,39.25873,,
-7.44438,43.37599,,
-7.44162,39.29423,,
-7.44149,39.30558,,
-7.44076,41.92985,,
-7.4405,41.87131,,
-7.4388,39.28744,,
-7.43877,40.15413,,
-7.43779,39.0994,,
-7.43686,39.06331,,
-7.43611,39.07779,,
-7.43528,40.59278,,
-7.43476,39.27733,,
-7.43383,39.30353,,
-7.43191,38.82089,,
-7.4307,43.37992,,
-7.42744,39.29482,,
-7.42409,39.29611,,
-7.42297,37.18891,,
-7.42214,40.62957,,
-7.42166,43.543,,
-7.42133,37.19994,,
-7.42109,43.38708,,
-7.41974,40.8069,,
-7.41948,37.18645,,
-7.41318,38.5755,,
-7.41276,37.1899,,
-7.41128,38.82687,,
-7.41001,43.67318,,
-7.40926,43.37632,,
-7.40739,43.37759,,
-7.40346,41.93507,,
-7.40337,40.34043,,
-7.40308,43.39361,,
-7.40222,39.88265,,
-7.39793,43.01192,,
-7.39692,43.39889,,
-7.39627,43.57937,,
-7.39583,39.24194,,
-7.39164,43.42199,,
-7.39139,43.39674,,
-7.39066,40.80985,,
-7.38658,40.81273,,
-7.38325,38.8437,,
-7.38325,43.01071,,
-7.38161,40.66289,,
-7.38062,39.2216,,
-7.38021,39.27045,,
-7.3775,43.42417,,
-7.37573,43.01082,,
-7.37559,41.69134,,
-7.37191,43.4233,,
-7.3671,43.65907,,
-7.36439,39.19743,,
-7.3617,39.19447,,
-7.35405,43.38154,,
-7.35313,39.18897,,
-7.3516,38.84979,,
-7.3501,42.92005,,
-7.34925,43.38325,,
-7.34885,43.44568,,
-7.34791,41.67305,,
-7.34781,43.46884,,
-7.34706,40.36978,,
-7.34578,42.49243,,
-7.34577,43.46992,,
-7.3451,39.18271,,
-7.34465,43.44836,,
-7.34404,43.61921,,
-7.34395,41.95062,,
-7.34244,37.23784,,
-7.34138,41.95133,,
-7.34043,40.39871,,
-7.33582,40.74596,,
-7.33438,38.85352,,
-7.33395,43.62695,,
-7.33068,40.62586,,
-7.33018,39.16828,,
-7.32666,40.72341,,
-7.32087,39.16011,,
-7.32056,41.2699,,
-7.3195,40.71692,,
-7.31834,41.97643,,
-7.31682,40.7828,,
-7.31539,40.68024,,
-7.31509,43.61288,,
-7.31431,40.68162,,
-7.31388,38.8568,,
-7.31262,38.85801,,
-7.31008,37.24553,,
-7.30904,43.21552,,
-7.30714,41.59178,,
-7.30694,39.14777,,
-7.30603,41.59626,,
-7.30397,42.90827,,
-7.30383,40.612,,
-7.30161,40.42482,,
-7.30146,40.6067,,
-7.30139,41.44322,,
-7.29941,43.59782,,
-7.29896,40.62214,,
-7.29716,38.86098,,
-7.29514,39.1379,,
-7.29406,40.43735,,
-7.28845,40.62012,,
-7.28556,43.48944,,
-7.28415,41.98167,,
-7.2825,40.63888,,
-7.27742,40.51738,,
-7.27301,43.49694,,
-7.27186,43.51605,,
-7.27057,43.55824,,
-7.26833,40.49328,,
-7.26758,40.5386,,
-7.26738,40.54252,,
-7.2651,41.05124,,
-7.26331,40.5293,,
-7.26094,40.83541,,
-7.26083,38.86435,,
-7.25895,40.54801,,
-7.25812,41.46133,,
-7.25728,40.47643,,
-7.25555,40.53084,,
-7.25423,41.25751,,
-7.25417,40.55342,,
-7.25343,41.53936,,
-7.25285,40.57996,,
-7.24706,37.60189,,
-7.24522,40.55508,,
-7.24465,43.29376,,
-7.2437,40.54343,,
-7.237,40.55289,,
-7.23516,40.50916,,
-7.23485,41.26386,,
-7.23472,42.44859,,
-7.23446,40.55234,,
-7.2322,40.87417,,
-7.22995,41.49806,,
-7.22111,38.96194,,
-7.22015,40.90056,,
-7.21862,37.29724,,
-7.21843,42.44342,,
-7.2178,41.57055,,
-7.21756,38.77826,,
-7.21688,40.49108,,
-7.21666,38.86705,,
-7.21191,40.91319,,
-7.20488,40.60353,,
-7.20443,40.59825,,
-7.20297,42.00976,,
-7.20277,40.57156,,
-7.19845,40.62525,,
-7.19599,37.26661,,
-7.19167,43.5437,,
-7.19124,37.79353,,
-7.189,37.27344,,
-7.18778,41.53167,,
-7.18756,38.87438,,
-7.18728,42.02278,,
-7.18552,43.36507,,
-7.18532,40.64138,,
-7.18449,41.53806,,
-7.18387,41.54063,,
-7.17922,41.30142,,
-7.17632,43.54275,,
-7.17561,41.47255,,
-7.17473,41.49698,,
-7.1712,38.88167,,
-7.1698,41.49341,,
-7.16822,38.8872,,
-7.16703,41.45982,,
-7.16691,41.38197,,
-7.15709,40.68356,,
-7.15534,37.33345,,
-7.15516,41.06864,,
-7.15105,42.8627,,
-7.15045,38.87614,,
-7.14942,43.41264,,
-7.14841,41.38553,,
-7.1457,40.43337,,
-7.14399,38.88063,,
-7.13611,40.39947,,
-7.1299,43.54847,,
-7.12873,40.71996,,
-7.12238,42.32685,,
-7.12199,42.32802,,
-7.11996,37.59087,,
-7.11362,37.57919,,
-7.11181,41.79378,,
-7.10451,37.70597,,
-7.1027,42.05527,,
-7.0995,39.04249,,
-7.09875,37.32298,,
-7.09868,43.44263,,
-7.0958,38.68177,,
-7.08588,38.71049,,
-7.08223,41.27585,,
-7.0754,39.01777,,
-7.07272,37.31993,,
-7.0651,38.73959,,
-7.06431,43.54026,,
-7.05994,40.60415,,
-7.05943,37.43044,,
-7.05806,42.4136,,
-7.05682,37.30396,,
-7.05216,42.74369,,
-7.04208,43.54288,,
-7.04195,37.42395,,
-7.04176,41.17702,,
-7.04076,43.54282,,
-7.03797,42.03992,,
-7.03434,42.41164,,
-7.03026,43.52079,,
-7.02716,43.54292,,
-7.02708,43.54309,,
-7.0229,37.27615,,
-7.0181,37.20564,,
-7.01737,42.72309,,
-7.01642,39.22533,,
-7.01466,37.26913,,
-7.01334,42.71963,,
-7.01279,37.27676,,
-7.01045,42.04097,,
-7.00821,38.84777,,
-7.00797,40.74516,,
-7.00131,43.53891,,
-6.99792,39.19681,,
-6.99792,39.19681,,
-6.9975,38.88222,,
-6.99747,43.53729,,
-6.99728,39.2005,,
-6.99452,38.87827,,
-6.99392,38.88314,,
-6.99299,39.1849,,
-6.99299,39.1849,,
-6.99027,37.26889,,
-6.9901,38.87235,,
-6.98907,42.68747,,
-6.98806,37.27111,,
-6.98605,37.35028,,
-6.98594,38.88398,,
-6.98506,37.27174,,
-6.98481,38.88405,,
-6.98148,38.87781,,
-6.98145,40.61598,,
-6.98131,38.87388,,
-6.98075,38.86784,,
-6.98057,38.87264,,
-6.97995,38.87853,,
-6.97939,38.88557,,
-6.97897,38.87101,,
-6.97873,37.19618,,
-6.97548,38.88091,,
-6.97505,37.18625,,
-6.9726,38.86925,,
-6.97175,37.18228,,
-6.97153,43.54597,,
-6.97121,40.63965,,
-6.97112,38.85989,,
-6.96872,38.88482,,
-6.96827,38.8848,,
-6.96669,38.84673,,
-6.96555,38.87094,,
-6.96437,40.89326,,
-6.96364,38.91913,,
-6.9631,38.81997,,
-6.9631,38.8785,,
-6.9626,40.60399,,
-6.96106,37.36382,,
-6.96095,37.36445,,
-6.96026,38.87282,,
-6.95902,37.37719,,
-6.95676,42.03929,,
-6.95642,37.35046,,
-6.95142,40.8289,,
-6.9467,38.91794,,
-6.94533,37.21504,,
-6.94332,37.28404,,
-6.9408,38.88025,,
-6.93913,37.28389,,
-6.9388,37.21401,,
-6.93828,38.84874,,
-6.93668,37.20467,,
-6.92994,43.56408,,
-6.92665,43.56356,,
-6.92485,38.8369,,
-6.92252,37.27825,,
-6.92016,43.54639,,
-6.91835,43.55399,,
-6.91359,37.32041,,
-6.91222,39.04917,,
-6.91013,40.73476,,
-6.90587,40.71782,,
-6.90542,37.94662,,
-6.90542,37.94662,,
-6.90507,39.02563,,
-6.89584,38.88577,,
-6.89282,37.30816,,
-6.88921,40.61312,,
-6.8786,37.23422,,
-6.87641,40.40786,,
-6.87364,43.54603,,
-6.87123,38.99453,,
-6.86216,43.55871,,
-6.85726,37.93478,,
-6.85726,37.93478,,
-6.8456,43.55516,,
-6.84184,43.55387,,
-6.84054,39.42962,,
-6.84012,38.86838,,
-6.83753,40.51686,,
-6.8299,37.28994,,
-6.8287,37.3825,,
-6.82849,38.93354,,
-6.82672,42.0331,,
-6.82648,43.54796,,
-6.82469,39.6509,,
-6.82374,42.50298,,
-6.82013,38.70443,,
-6.81941,38.86705,,
-6.8186,41.81913,,
-6.81633,38.60457,,
-6.81161,41.69358,,
-6.80922,41.75053,,
-6.80888,42.52059,,
-6.80788,37.90644,,
-6.80256,37.50832,,
-6.79911,42.52329,,
-6.79865,37.42394,,
-6.79839,41.79218,,
-6.79684,37.51724,,
-6.79491,41.76822,,
-6.79441,37.43708,,
-6.79423,41.77782,,
-6.79097,43.54509,,
-6.78848,38.86302,,
-6.78771,41.77433,,
-6.78745,43.54484,,
-6.78672,38.3471,,
-6.78636,43.54474,,
-6.78242,42.54191,,
-6.78238,41.80371,,
-6.7817,41.8038,,
-6.77725,41.78357,,
-6.77277,41.78794,,
-6.77034,41.79327,,
-6.7694,38.313,,
-6.76891,41.79313,,
-6.76708,41.79941,,
-6.75995,40.58771,,
-6.75773,41.81427,,
-6.75708,43.53915,,
-6.75654,43.53921,,
-6.75204,42.56831,,
-6.7482,38.86023,,
-6.74656,43.5353,,
-6.74417,40.58806,,
-6.7419,42.03405,,
-6.73578,37.9289,,
-6.72873,43.54368,,
-6.7245,43.54118,,
-6.72339,43.53233,,
-6.72181,38.65497,,
-6.71875,37.79782,,
-6.71145,42.57538,,
-6.70354,40.84749,,
-6.69224,37.6187,,
-6.69159,42.59416,,
-6.68657,39.11457,,
-6.68421,40.07209,,
-6.68113,38.84804,,
-6.68032,37.7202,,
-6.6794,40.13348,,
-6.67429,43.54447,,
-6.67422,37.62366,,
-6.66593,43.54509,,
-6.66481,38.1587,,
-6.66371,37.32158,,
-6.65846,37.66036,,
-6.65686,43.53965,,
-6.65657,37.67643,,
-6.65638,37.67638,,
-6.6497,42.58279,,
-6.64409,38.61051,,
-6.64278,42.575,,
-6.64276,43.54571,,
-6.64154,38.16698,,
-6.6411,40.3378,,
-6.63892,38.17974,,
-6.6389,42.62187,,
-6.63672,38.60545,,
-6.63293,40.0431,,
-6.63244,40.59468,,
-6.62603,39.17169,,
-6.62405,42.05525,,
-6.62399,42.07968,,
-6.62375,38.5988,,
-6.6212,42.07145,,
-6.61701,38.84758,,
-6.61469,38.90409,,
-6.61259,39.54775,,
-6.60722,38.90426,,
-6.60552,42.56534,,
-6.60491,42.05605,,
-6.6046,42.58695,,
-6.60426,40.40615,,
-6.60227,38.77664,,
-6.60096,42.5695,,
-6.59984,42.05598,,
-6.59802,41.09248,,
-6.59287,38.85726,,
-6.58716,38.76591,,
-6.58488,40.97359,,
-6.58,37.35271,,
-6.57997,42.56731,,
-6.57976,40.49365,,
-6.57932,42.05504,,
-6.57762,43.53592,,
-6.57658,40.4857,,
-6.57617,40.01622,,
-6.57525,37.35245,,
-6.57325,42.05548,,
-6.57277,38.55745,,
-6.56847,40.51463,,
-6.56702,40.5332,,
-6.5669,42.56163,,
-6.56561,42.05593,,
-6.56214,39.24157,,
-6.5609,37.35424,,
-6.55612,42.56141,,
-6.55482,40.55707,,
-6.54907,39.9995,,
-6.54887,37.04469,,
-6.54593,39.46454,,
-6.54535,38.86136,,
-6.54152,40.57418,,
-6.53471,38.51932,,
-6.53372,39.45788,,
-6.53364,43.54208,,
-6.53228,42.57639,,
-6.53125,38.72634,,
-6.53069,42.69298,,
-6.52682,39.98818,,
-6.52555,37.35996,,
-6.5198,42.59142,,
-6.51603,42.04702,,
-6.51567,39.96211,,
-6.51528,37.2428,,
-6.51497,37.8763,,
-6.50886,43.53582,,
-6.49909,37.18609,,
-6.49882,43.24304,,
-6.497,42.60188,,
-6.49662,37.15263,,
-6.49582,37.12335,,
-6.49194,39.98306,,
-6.48399,42.60818,,
-6.48386,43.25349,,
-6.4814,42.60918,,
-6.48069,39.45182,,
-6.47995,43.53743,,
-6.47875,39.9079,,
-6.47806,38.87382,,
-6.47622,38.37889,,
-6.47435,38.87439,,
-6.46465,38.71113,,
-6.45791,38.70556,,
-6.45128,37.83659,,
-6.44705,39.45725,,
-6.44398,38.88115,,
-6.44017,39.55297,,
-6.43697,39.50485,,
-6.4346,40.66637,,
-6.43451,39.3887,,
-6.43402,42.87576,,
-6.43392,39.53785,,
-6.43321,41.0131,,
-6.42445,40.6858,,
-6.42219,42.62806,,
-6.4188,41.00772,,
-6.41664,42.62745,,
-6.41652,39.85012,,
-6.41544,36.70739,,
-6.41191,38.42637,,
-6.41047,39.71756,,
-6.40912,42.62362,,
-6.40661,36.69387,,
-6.40478,39.61474,,
-6.4039,43.54428,,
-6.40355,41.00575,,
-6.40204,40.6998,,
-6.40061,39.8413,,
-6.39555,38.679,,
-6.39289,39.66334,,
-6.39216,41.43953,,
-6.39158,36.66723,,
-6.3914,39.5066,,
-6.38874,40.7144,,
-6.38834,41.00589,,
-6.38552,38.90769,,
-6.38508,40.62014,,
-6.3833,38.78067,,
-6.38231,39.4517,,
-6.3806,41.86652,,
-6.3804,40.72192,,
-6.38024,38.77226,,
-6.3797,38.6627,,
-6.379057,39.47463,,
-6.37858,39.468,,
-6.37824,38.8093,,
-6.3778,39.46698,,
-6.37771,39.97382,,
-6.37672,39.47906,,
-6.37386,38.81485,,
-6.37316,38.80857,,
-6.3726,38.91986,,
-6.37103,38.81464,,
-6.36981,42.60414,,
-6.36963,38.92654,,
-6.36906,41.00697,,
-6.36893,38.62701,,
-6.36872,42.95046,,
-6.36805,39.79785,,
-6.36717,40.7315,,
-6.36704,39.46302,,
-6.36569,38.83432,,
-6.36379,38.58221,,
-6.36278,41.0073,,
-6.36212,38.85557,,
-6.36199,38.56286,,
-6.36089,39.39084,,
-6.35988,40.09146,,
-6.3579,42.021,,
-6.35648,38.94228,,
-6.35552,38.90615,,
-6.35362,38.45916,,
-6.3525,40.08639,,
-6.35195,38.51335,,
-6.35007,42.01955,,
-6.34795,39.4422,,
-6.34571,39.37709,,
-6.34552,38.91435,,
-6.34521,38.39775,,
-6.3433,43.38851,,
-6.34212,38.41073,,
-6.34109,38.40622,,
-6.33938,38.89508,,
-6.33897,39.36041,,
-6.33821,39.43708,,
-6.33802,38.38245,,
-6.33559,42.6133,,
-6.33551,38.91295,,
-6.33537,38.91299,,
-6.33346,41.0157,,
-6.33271,38.94564,,
-6.33192,40.75187,,
-6.3316,38.39499,,
-6.3316,38.39499,,
-6.33108,39.01986,,
-6.33017,38.98914,,
-6.33009,39.01195,,
-6.32882,38.92062,,
-6.32765,39.31387,,
-6.32765,42.61705,,
-6.32369,39.85458,,
-6.32056,36.74694,,
-6.31976,41.01524,,
-6.31326,40.7623,,
-6.31196,36.65068,,
-6.30979,42.01622,,
-6.30951,40.76465,,
-6.30651,38.27004,,
-6.30554,42.0152,,
-6.30338,37.36039,,
-6.30309,39.23295,,
-6.30288,38.31151,,
-6.3025,38.2886,,
-6.30117,38.24971,,
-6.29808,41.01925,,
-6.29524,38.25721,,
-6.29005,42.62262,,
-6.28722,36.7271,,
-6.28327,40.77265,,
-6.28294,36.51269,,
-6.28153,39.41118,0,
-6.2799,36.61121,,
-6.27947,36.77677,,
-6.27828,42.61753,,
-6.27431,36.52122,,
-6.27431,36.52122,,
-6.2732,42.00752,,
-6.27217,39.1768,,
-6.27022,43.35924,,
-6.26961,42.60817,,
-6.26867,36.66015,,
-6.26768,36.49931,,
-6.26722,38.94792,,
-6.26559,41.02538,,
-6.26234,36.49639,,
-6.26056,40.06083,,
-6.25963,43.56323,,
-6.25865,36.66272,,
-6.25689,43.56277,,
-6.25223,36.46284,,
-6.25033,36.66547,,
-6.24884,36.46044,,
-6.24842,36.5055,,
-6.24826,42.9432,,
-6.24608,39.97381,,
-6.2425,40.78616,,
-6.24157,36.50944,,
-6.2412,43.56524,,
-6.2376,40.78794,,
-6.23279,37.31947,,
-6.23279,43.40415,,
-6.2295,36.52066,,
-6.22946,36.52071,,
-6.22944,40.05361,,
-6.22876,40.77613,,
-6.22876,42.59994,,
-6.22833,37.65788,,
-6.22564,36.44502,,
-6.2243,38.91161,,
-6.2236,41.03027,,
-6.2201,37.84271,,
-6.21909,37.86603,,
-6.21821,37.8568,,
-6.21553,36.5815,,
-6.21521,42.5797,,
-6.2108,37.30958,,
-6.21028,39.36136,,
-6.21017,43.35665,,
-6.20758,36.46524,,
-6.20714,43.40915,,
-6.20558,37.36195,,
-6.20544,36.46932,,
-6.20533,36.46991,,
-6.20331,36.38555,,
-6.20321,37.36176,,
-6.20291,36.56697,,
-6.20251,36.55659,,
-6.20239,36.55441,,
-6.20189,36.56025,,
-6.19735,36.45767,,
-6.19684,42.00698,,
-6.19666,36.63449,,
-6.1962,38.87314,,
-6.1944,36.47531,,
-6.19291,36.53336,,
-6.1925,37.3793,,
-6.1915,36.63732,,
-6.19004,37.38473,,
-6.18917,40.04778,,
-6.18901,36.5679,,
-6.18837,42.00553,,
-6.18713,36.61192,,
-6.18548,36.60446,,
-6.18468,43.35294,,
-6.18441,43.40946,,
-6.18251,40.80737,,
-6.18185,40.22112,,
-6.18182,40.80716,,
-6.18151,37.62958,,
-6.18102,41.03235,,
-6.18083,36.39052,,
-6.17889,42.55147,,
-6.17808,36.64519,,
-6.17775,37.62855,,
-6.17613,36.46777,,
-6.17489,38.34512,,
-6.17489,38.34512,,
-6.17451,37.74945,,
-6.1739,43.55918,,
-6.17379,36.46787,,
-6.17266,38.3452,,
-6.17055,36.46749,,
-6.17048,36.38776,,
-6.17024,43.55717,,
-6.16967,37.38503,,
-6.1685,43.35515,,
-6.16774,36.62905,,
-6.16721,36.3802,,
-6.16231,43.41081,,
-6.15991,36.41565,,
-6.15931,36.39487,,
-6.15834,36.41173,,
-6.15667,36.62817,,
-6.15608,37.64361,,
-6.15582,36.36655,,
-6.15216,36.68173,,
-6.15207,36.52855,,
-6.15053,41.93669,,
-6.14995,41.03157,,
-6.14946,43.40989,,
-6.14826,36.88614,,
-6.14596,36.42062,,
-6.14584,36.40315,,
-6.14378,36.43289,,
-6.14376,36.70048,,
-6.143,37.42299,,
-6.14259,37.63237,,
-6.14205,36.41915,,
-6.14009,41.63706,,
-6.13954,36.43038,,
-6.13793,36.41526,,
-6.13718,43.5463,,
-6.13699,37.33549,,
-6.13613,36.70658,,
-6.13538,36.44345,,
-6.13527,37.33733,,
-6.13429,43.44528,,
-6.13383,36.42052,,
-6.13354,37.33906,,
-6.13299,36.63721,,
-6.1327,39.30943,,
-6.13167,40.64472,,
-6.1297,36.41787,,
-6.12493,36.42223,,
-6.1244,38.98954,,
-6.12361,39.2877,,
-6.12025,37.58331,,
-6.12021,36.43408,,
-6.11889,38.99017,,
-6.11722,40.00348,,
-6.11432,43.46928,,
-6.11311,41.03526,,
-6.11183,36.55637,,
-6.11149,36.66431,,
-6.11122,36.36274,,
-6.11103,43.47227,,
-6.11005,40.65764,,
-6.10998,36.71698,,
-6.10941,36.90941,,
-6.10904,36.35845,,
-6.10516,39.26054,,
-6.10391,36.35233,,
-6.10339,43.54157,,
-6.10256,39.97418,,
-6.10215,43.38635,,
-6.09997,40.07134,,
-6.09871,40.61573,,
-6.09773,42.01031,,
-6.09596,39.97262,,
-6.09588,38.99209,,
-6.09315,37.53396,,
-6.09186,43.52573,,
-6.09129,38.99217,,
-6.09083,43.49153,,
-6.08845,40.02418,,
-6.08667,36.70167,,
-6.08664,37.52905,,
-6.08483,36.41762,,
-6.0846,36.62151,,
-6.08374,36.68347,,
-6.08294,42.45379,,
-6.08225,37.5258,,
-6.08202,36.68597,,
-6.08125,40.66829,,
-6.07869,39.43911,,
-6.0777,42.44666,,
-6.07627,36.75324,,
-6.07427,43.4479,,
-6.07332,43.50481,,
-6.07297,43.50693,,
-6.07222,36.41861,,
-6.07216,37.40793,,
-6.07186,43.53185,,
-6.06944,43.51915,,
-6.06917,39.03448,,
-6.06849,40.09607,,
-6.06847,39.23459,,
-6.06785,39.20409,,
-6.06694,36.3505,,
-6.06652,36.83339,,
-6.06605,39.0378,,
-6.065943,36.70625,,
-6.06489,36.93194,,
-6.06424,43.39328,,
-6.06412,37.41059,,
-6.05947,37.29146,,
-6.05818,42.45405,,
-6.056,39.2256,,
-6.05385,39.44341,,
-6.05302,40.84781,,
-6.05211,43.52885,,
-6.05178,38.26965,,
-6.05044,40.01889,,
-6.04982,39.17512,,
-6.04835,36.6012,,
-6.04833,37.35889,,
-6.0478,40.8495,,
-6.04621,43.40146,,
-6.0438,37.38154,,
-6.04101,37.30417,,
-6.04058,37.36255,,
-6.03986,36.67711,,
-6.03969,36.85432,,
-6.03766,37.40588,,
-6.03672,37.31208,0,
-6.03625,37.3126,,
-6.03592,39.96458,,
-6.03586,37.36317,,
-6.03539,37.42051,,
-6.03524,37.41696,,
-6.03445,37.38525,,
-6.03443,37.39557,,
-6.03406,37.40991,,
-6.03394,37.38766,,
-6.03374,39.07595,,
-6.03358,37.389,,
-6.0332,38.25644,,
-6.032558,37.36306,,
-6.03225,37.40978,,
-6.03164,37.41527,,
-6.03102,43.55456,,
-6.03053,36.71996,,
-6.02914,37.38907,,
-6.02804,37.45971,,
-6.02795,37.32929,,
-6.02725,40.16388,,
-6.02618,37.37154,,
-6.0261,37.38012,,
-6.02564,37.39332,,
-6.02504,37.38743,,
-6.02458,36.57817,,
-6.02439,37.37148,,
-6.02285,36.25043,,
-6.02281,41.03279,,
-6.02182,40.01622,,
-6.0193,43.5428,,
-6.0189,42.00494,,
-6.01806,36.83164,,
-6.01772,38.24719,,
-6.01694,38.24611,,
-6.0168,41.99968,,
-6.0145,37.36879,,
-6.01428,37.38113,,
-6.01247,37.3961,,
-6.01201,39.15775,,
-6.01169,37.39886,,
-6.01067,37.3698,,
-6.01054,37.49418,,
-6.01053,37.40383,,
-6.01036,37.40437,,
-6.0094,37.36954,,
-6.00848,39.15489,,
-6.00796,39.00726,,
-6.00775,37.41349,,
-6.00725,37.3606,,
-6.00444,40.0087,,
-5.99675,37.352,,
-5.9966,40.0031,,
-5.99585,37.4134,,
-5.99562,37.3509,,
-5.99389,43.55417,,
-5.99319,37.34874,,
-5.99302,37.4072,,
-5.99155,39.44536,,
-5.99084,37.34704,,
-5.99006,42.38417,,
-5.98969,37.35861,,
-5.98939,37.34557,,
-5.989,42.00965,,
-5.98839,37.42995,,
-5.98697,37.37861,,
-5.98678,37.34355,,
-5.986,36.8842,,
-5.98597,37.343,,
-5.9857,37.29249,,
-5.98544,41.53668,,
-5.98544,41.53668,,
-5.98446,37.32267,,
-5.98435,37.41329,,
-5.98402,43.55785,,
-5.9836,37.32079,,
-5.98306,37.41611,,
-5.98295,36.25309,,
-5.98239,42.26201,,
-5.98153,43.55832,,
-5.9799,37.59752,,
-5.97944,36.25583,,
-5.97904,37.41458,,
-5.97891,37.28494,,
-5.978,37.41469,,
-5.97583,42.37262,,
-5.97507,37.41583,,
-5.97421,43.55979,,
-5.97314,37.40444,,
-5.97058,41.01245,,
-5.97054,37.39358,,
-5.97006,36.26062,,
-5.96987,39.69869,,
-5.96924,37.41688,,
-5.96881,37.3183,,
-5.96848,37.27072,,
-5.96781,41.83253,,
-5.96764,43.37235,,
-5.96681,37.35602,,
-5.96636,38.97099,,
-5.96616,37.37196,,
-5.96498,37.39778,,
-5.96327,37.37463,,
-5.96326,40.09926,,
-5.96256,40.72227,,
-5.96249,43.37285,,
-5.95876,37.47106,,
-5.95862,42.35698,,
-5.95822,37.29933,,
-5.95694,36.96928,,
-5.9559,37.40531,,
-5.95453,37.35992,,
-5.95442,37.42402,,
-5.9543,41.00857,,
-5.95361,37.30472,,
-5.95294,37.36089,,
-5.95256,36.25195,,
-5.95171,36.97914,,
-5.951,42.35285,,
-5.95085,40.88705,,
-5.95044,37.4242,,
-5.95021,37.39515,,
-5.95006,37.42427,,
-5.94997,37.38692,,
-5.94968,37.40918,,
-5.9496,37.41146,,
-5.94926,43.57308,,
-5.9492,36.6505,,
-5.94897,37.33379,,
-5.94815,39.94639,,
-5.94807,43.55245,,
-5.94805,37.40425,,
-5.94777,37.29347,,
-5.94757,37.42284,,
-5.9472,37.40291,,
-5.94715,37.40842,,
-5.94712,37.42225,,
-5.94709,37.40297,,
-5.94683,36.98409,,
-5.94563,37.32983,,
-5.94515,37.39757,,
-5.94489,37.36636,,
-5.94455,37.35376,,
-5.94448,41.00623,,
-5.94413,37.37625,,
-5.94409,39.02169,,
-5.94356,37.37858,,
-5.94289,43.55417,,
-5.94242,37.38205,,
-5.94124,37.38446,,
-5.94067,37.4103,,
-5.94067,43.55097,,
-5.9403,42.01462,,
-5.93912,42.4458,,
-5.93843,37.34827,,
-5.93778,43.58722,,
-5.93771,43.54307,,
-5.93756,37.34779,,
-5.93618,37.41196,,
-5.93604,37.40447,,
-5.9355,37.3861,,
-5.93526,37.40489,,
-5.93525,37.29684,,
-5.93491,37.3863,,
-5.93323,43.57427,,
-5.93296,37.40538,,
-5.93271,37.11007,0,
-5.93237,37.38601,,
-5.93227,37.3862,,
-5.93222,37.34417,,
-5.9309,37.34326,,
-5.92996,43.53129,,
-5.92993,43.57459,,
-5.92944,36.29139,,
-5.92911,37.34204,,
-5.92908,43.54425,,
-5.929,42.32344,,
-5.92836,37.39488,,
-5.92796,43.56939,,
-5.92737,37.47491,,
-5.92537,37.57074,,
-5.92528,42.29366,,
-5.92515,37.1826,,
-5.92501,37.29885,,
-5.9244,42.28343,,
-5.92414,37.24515,,
-5.92305,37.24976,,
-5.9225,41.08909,,
-5.92168,37.25387,,
-5.92051,41.00065,,
-5.92027,43.55094,,
-5.92023,36.24883,,
-5.91807,37.32526,,
-5.91736,37.14214,,
-5.91716,41.40491,,
-5.91583,37.33361,,
-5.91568,40.26233,,
-5.91517,37.38564,,
-5.91454,39.02938,,
-5.9138,41.54218,,
-5.9138,41.54218,,
-5.91252,40.12728,,
-5.91118,37.24021,,
-5.91106,37.23809,,
-5.91034,38.96061,,
-5.90973,37.37585,,
-5.90656,42.30696,,
-5.90577,42.00747,,
-5.90481,40.99742,,
-5.90471,39.47478,,
-5.9046,37.42443,,
-5.90415,37.32799,,
-5.90348,37.37751,,
-5.90327,37.42521,,
-5.90218,42.3038,,
-5.90146,42.29466,,
-5.90106,36.17851,,
-5.89982,37.12848,,
-5.89959,37.29987,,
-5.89921,40.99782,,
-5.89921,40.99782,,
-5.89912,37.02864,,
-5.89893,37.37984,,
-5.89849,43.52228,,
-5.89801,43.55208,,
-5.89763,37.03232,,
-5.89737,42.01502,,
-5.89724,43.5519,,
-5.8963,36.39358,,
-5.89317,42.30113,,
-5.89254,42.45687,,
-5.89086,37.0499,,
-5.89046,43.56956,,
-5.89042,37.30994,,
-5.88959,42.29492,,
-5.88891,42.31231,,
-5.88827,37.43215,,
-5.88778,37.05389,,
-5.88672,37.30673,,
-5.88639,36.31361,,
-5.88552,43.55378,,
-5.88528,36.31472,,
-5.88474,37.37411,,
-5.88338,37.30301,,
-5.88256,37.37188,,
-5.88244,37.37154,,
-5.88151,42.45895,,
-5.87897,38.95909,,
-5.8779,36.47625,,
-5.87748,42.92136,,
-5.87745,43.35319,,
-5.87668,40.77834,,
-5.87569,42.86313,,
-5.87557,42.84605,,
-5.87554,43.52721,,
-5.87528,43.36447,,
-5.87446,39.92095,,
-5.87417,36.74194,,
-5.87413,37.43254,,
-5.87409,43.30824,,
-5.87379,37.3277,,
-5.87292,43.36802,,
-5.87199,43.32267,,
-5.87164,43.54994,,
-5.87155,41.41588,,
-5.87147,40.98917,,
-5.8711,37.33242,,
-5.87108,43.36811,,
-5.87095,42.31295,,
-5.87095,43.3683,,
-5.87058,36.32976,,
-5.86961,43.51386,,
-5.8691,39.46141,,
-5.86873,37.52789,,
-5.86821,43.54873,,
-5.86764,43.31503,,
-5.8676,40.78907,,
-5.86732,37.09836,,
-5.86634,36.35866,,
-5.86627,43.34277,,
-5.86354,43.55157,,
-5.86277,40.32475,,
-5.86213,43.43547,,
-5.86196,43.55127,,
-5.86106,37.27422,,
-5.86103,43.54627,,
-5.85929,42.92832,,
-5.85886,37.17694,,
-5.85842,37.08417,,
-5.85838,37.08454,,
-5.85788,39.32503,,
-5.85683,43.49709,,
-5.85666,39.27185,,
-5.85616,43.36496,,
-5.85615,43.54385,,
-5.85585,43.34713,,
-5.8553,43.35597,,
-5.85362,36.35469,,
-5.85306,43.36709,,
-5.85248,40.80216,,
-5.8505,43.35584,,
-5.84917,37.43119,,
-5.84879,40.02524,,
-5.8486,43.51879,,
-5.84842,43.37123,,
-5.84793,40.98945,,
-5.84726,42.32196,,
-5.84726,43.355,,
-5.84717,42.81618,,
-5.84695,43.36674,,
-5.84546,42.94195,,
-5.84526,42.02294,,
-5.84497,36.98374,,
-5.8441,40.3493,,
-5.84387,43.52691,,
-5.84355,43.35455,,
-5.84306,38.96306,,
-5.84252,43.36597,,
-5.84124,43.36632,,
-5.8398,40.81361,,
-5.83889,39.6002,,
-5.83841,43.35737,,
-5.83826,43.35817,,
-5.83791,37.03673,,
-5.83624,43.30016,,
-5.83507,41.53593,,
-5.83485,40.0265,,
-5.83422,39.52533,,
-5.83422,43.37641,,
-5.83408,39.53051,,
-5.83358,38.9638,,
-5.83329,36.46772,,
-5.83239,37.34799,,
-5.83163,42.9782,,
-5.8311,37.73119,,
-5.83057,37.37305,,
-5.82931,43.1669,,
-5.82923,42.983,,
-5.8291,43.37062,,
-5.82885,43.52873,,
-5.82833,43.35554,,
-5.82767,41.73556,,
-5.82673,38.96465,,
-5.82639,37.34667,,
-5.8263,38.98126,,
-5.82593,43.16594,,
-5.82573,43.07959,,
-5.82532,43.5259,,
-5.82458,36.46726,,
-5.824,37.43131,,
-5.82197,36.34328,,
-5.82107,43.05577,,
-5.82078,40.82804,,
-5.81986,43.13348,,
-5.81977,43.53741,,
-5.81912,43.09961,,
-5.81883,43.11383,,
-5.81816,38.9703,,
-5.81479,36.77198,,
-5.81447,43.29551,,
-5.81412,43.40992,,
-5.81153,43.38437,,
-5.80948,43.40481,,
-5.80925,42.78216,,
-5.80851,41.68896,,
-5.80722,37.06318,,
-5.80707,43.40105,,
-5.80666,43.40363,,
-5.80627,43.40005,,
-5.80578,43.40473,,
-5.80576,43.4115,,
-5.80484,43.39229,,
-5.80473,43.5441,,
-5.80438,43.27083,,
-5.8039,43.40092,,
-5.80327,43.39301,,
-5.80236,43.40771,,
-5.80205,43.39369,,
-5.80202,43.4106,,
-5.80199,41.64553,,
-5.80177,37.20492,,
-5.80167,43.39991,,
-5.80066,43.39666,,
-5.8003,43.32211,,
-5.80022,43.39428,,
-5.80008,42.02836,,
-5.79888,37.20158,,
-5.79845,37.20107,,
-5.79798,41.63374,,
-5.79692,38.99098,,
-5.79626,38.98772,,
-5.79623,42.71291,,
-5.79527,41.05413,,
-5.79521,43.09367,,
-5.795,39.6596,,
-5.7931,36.47016,,
-5.79236,43.41977,,
-5.79134,43.42134,,
-5.7913,43.26552,,
-5.79068,40.97374,,
-5.7906,36.21144,,
-5.79032,43.47777,,
-5.79017,36.46813,,
-5.78957,43.48544,,
-5.78956,43.55002,,
-5.7882,37.1266,,
-5.78816,38.96866,,
-5.78787,43.20165,,
-5.78783,42.38652,,
-5.78706,38.90268,,
-5.78683,43.38958,,
-5.78578,43.19713,,
-5.78459,43.19711,,
-5.78454,43.44059,,
-5.78412,43.22878,,
-5.78361,39.41133,,
-5.78167,43.23389,,
-5.78086,43.22623,,
-5.78057,43.25016,,
-5.77996,43.2625,,
-5.77871,43.26424,,
-5.7783,37.18276,,
-5.77782,43.25448,,
-5.77752,37.1499,,
-5.77715,43.24106,,
-5.77606,40.50513,,
-5.77555,43.24061,,
-5.77459,37.62896,,
-5.77372,43.24325,,
-5.77298,42.37036,,
-5.77295,37.17774,,
-5.77188,43.20982,,
-5.77158,43.18996,,
-5.77115,43.18958,,
-5.77095,41.55174,,
-5.76964,43.39501,,
-5.7673,39.02958,,
-5.7672,43.55494,,
-5.76486,40.96596,,
-5.76486,40.96596,,
-5.76136,40.50808,,
-5.75896,43.21,,
-5.75832,36.18618,,
-5.75667,43.28944,,
-5.75663,40.86949,,
-5.75556,36.185,,
-5.75381,40.94799,,
-5.75364,43.38321,,
-5.75335,43.39134,,
-5.75284,41.49829,,
-5.75227,42.33149,,
-5.75209,36.81285,,
-5.75165,42.35794,,
-5.75044,43.39044,,
-5.74979,37.39071,,
-5.74976,43.48107,,
-5.74843,43.25917,,
-5.74764,40.96088,,
-5.74658,37.37684,,
-5.74584,42.64501,,
-5.74547,42.53295,,
-5.74445,39.03007,,
-5.74324,43.38481,,
-5.74323,43.38147,,
-5.74311,40.03551,,
-5.74056,37.20111,,
-5.74014,40.08142,,
-5.73703,37.14797,,
-5.73579,42.61631,,
-5.73576,37.46143,,
-5.73473,41.32146,,
-5.73323,42.54155,,
-5.73323,42.54155,,
-5.73281,41.49346,,
-5.73249,37.60588,,
-5.73153,37.58981,,
-5.73114,41.34,,
-5.73108,37.30495,,
-5.73031,41.50201,,
-5.72983,43.51536,,
-5.72834,43.38248,,
-5.72795,41.35674,,
-5.72745,43.48781,,
-5.72579,43.32505,,
-5.72546,42.04483,,
-5.72494,41.32157,,
-5.72448,37.30392,,
-5.72314,41.51297,,
-5.72153,41.02291,,
-5.71954,43.51819,,
-5.71945,42.98283,,
-5.71847,41.39147,,
-5.7174,42.71019,,
-5.71684,43.40029,,
-5.71646,41.27366,,
-5.71616,41.01763,,
-5.71554,43.49527,,
-5.71542,40.00395,,
-5.71454,43.49564,,
-5.71407,42.55352,,
-5.71407,42.55352,,
-5.71403,43.39284,,
-5.71195,41.26063,,
-5.71094,39.03631,,
-5.71077,39.72026,,
-5.71032,42.04643,,
-5.7101,43.4979,,
-5.70995,42.54381,,
-5.70872,36.10715,,
-5.70865,40.94973,,
-5.70765,39.68981,,
-5.70729,42.98444,,
-5.70674,43.51858,,
-5.70547,42.54577,,
-5.70513,41.27652,,
-5.70487,36.10102,,
-5.70387,41.21533,,
-5.70373,41.55148,,
-5.70274,43.52553,,
-5.70245,41.29761,,
-5.70242,38.26042,,
-5.69976,43.52379,,
-5.69708,42.07345,,
-5.69674,41.08554,,
-5.6958,41.16123,,
-5.69494,41.09455,,
-5.69381,43.54088,,
-5.69336,37.21582,,
-5.69271,40.92295,,
-5.69259,43.53917,,
-5.69203,43.36931,,
-5.69187,43.3008,,
-5.69121,41.45971,,
-5.69118,43.51605,,
-5.69095,40.95492,,
-5.69074,43.53723,,
-5.69036,40.01163,,
-5.69029,43.29996,,
-5.69029,43.29996,,
-5.68983,40.96193,,
-5.68983,40.96193,,
-5.68929,40.95181,,
-5.6881,36.84514,,
-5.68624,43.52901,,
-5.68613,40.95497,,
-5.6858,40.96862,,
-5.68573,41.48781,,
-5.68545,43.46458,,
-5.68479,41.47592,,
-5.68466,43.5374,,
-5.68465,42.56833,,
-5.68455,43.41496,,
-5.68397,42.55892,,
-5.68386,43.53092,,
-5.68381,40.97026,,
-5.68338,43.41983,,
-5.68316,40.96712,,
-5.68287,40.96534,,
-5.68287,40.96534,,
-5.6826,43.53316,,
-5.68237,40.97455,,
-5.68236,43.52291,,
-5.68227,43.5331,,
-5.68189,40.97424,,
-5.68162,40.95156,,
-5.68083,43.36065,,
-5.68038,43.52462,,
-5.68008,43.29722,,
-5.67997,42.86361,,
-5.67965,43.53092,,
-5.67938,41.47369,,
-5.67919,40.95765,,
-5.67912,43.5391,,
-5.67896,40.96804,,
-5.67855,43.51089,,
-5.67832,40.95498,,
-5.67743,41.92212,,
-5.67701,43.53521,,
-5.67669,40.4883,,
-5.67658,40.96254,,
-5.67608,40.50407,,
-5.67528,43.52775,,
-5.67521,43.38881,,
-5.67508,43.54049,,
-5.67492,43.50897,,
-5.67488,43.51785,,
-5.67452,40.97316,,
-5.67418,40.98176,,
-5.67417,43.38861,,
-5.67411,41.53882,,
-5.6736,43.38267,,
-5.67352,42.58132,,
-5.67324,37.28076,,
-5.67323,40.96348,,
-5.67219,43.51943,,
-5.67189,43.51127,,
-5.67131,40.95615,,
-5.67126,42.85641,,
-5.67002,40.952,,
-5.66999,37.58368,,
-5.66975,37.27779,,
-5.66903,42.06315,,
-5.66814,40.98263,,
-5.66776,43.39305,,
-5.66748,42.96437,,
-5.66649,40.97166,,
-5.66548,40.95381,,
-5.66457,42.06659,,
-5.66403,40.88644,,
-5.66396,40.98221,,
-5.66339,37.27387,,
-5.6633,43.52213,,
-5.6631,40.94938,,
-5.66279,40.97482,,
-5.66156,40.5408,,
-5.66081,42.00594,,
-5.66066,40.94189,,
-5.66022,40.02577,,
-5.66019,42.10735,,
-5.66009,40.97169,,
-5.65964,40.95986,,
-5.65958,40.94977,,
-5.65935,42.86934,,
-5.65934,40.95228,,
-5.65896,42.09902,,
-5.65886,42.11247,,
-5.65837,40.57215,,
-5.65807,43.38479,,
-5.65782,40.99392,,
-5.65764,40.96598,,
-5.65717,42.57401,,
-5.65602,40.95203,,
-5.65583,43.52437,,
-5.65557,42.914,,
-5.65512,42.08163,,
-5.65506,40.94082,,
-5.65413,40.86845,,
-5.65361,41.01034,,
-5.65298,42.12173,,
-5.65193,39.0506,,
-5.65165,42.61367,,
-5.65138,40.85801,,
-5.65117,40.97135,,
-5.65037,40.98172,,
-5.64948,42.57709,,
-5.64938,40.98315,,
-5.64929,40.96857,,
-5.64888,40.97652,,
-5.64838,40.9759,,
-5.64798,42.1286,,
-5.64672,37.26917,,
-5.64623,43.49516,,
-5.64489,40.96538,,
-5.64411,36.05138,,
-5.64411,36.05138,,
-5.64358,43.53648,,
-5.64237,40.95484,,
-5.64176,40.95333,,
-5.64158,40.971,,
-5.6415,40.94242,,
-5.63965,43.53833,,
-5.63939,40.94449,,
-5.63916,37.1523,,
-5.63882,40.97224,,
-5.6385,43.54213,,
-5.63789,40.80224,,
-5.63698,40.79628,,
-5.63591,42.67113,,
-5.63577,40.97099,,
-5.63566,40.82892,,
-5.63551,43.2895,,
-5.63551,43.2895,,
-5.6348,40.82129,,
-5.63478,40.96974,,
-5.63436,43.531,,
-5.63363,36.04485,,
-5.63363,36.04485,,
-5.63339,41.52771,,
-5.63244,42.80366,,
-5.63186,40.62317,,
-5.63175,42.57373,,
-5.63075,40.47407,,
-5.62987,42.81987,,
-5.62948,40.99461,,
-5.62934,40.75614,,
-5.62912,42.17964,,
-5.62832,37.22442,,
-5.6282,40.75289,,
-5.6271,42.79065,,
-5.62494,40.70316,,
-5.624,40.70796,,
-5.62278,42.58815,,
-5.62196,40.97209,,
-5.6216,42.54815,,
-5.62102,40.68291,,
-5.6208,42.5478,,
-5.61943,43.52267,,
-5.61829,40.97301,,
-5.61661,40.98938,,
-5.61528,40.94974,,
-5.61467,41.00184,,
-5.61453,43.27445,,
-5.61451,36.33677,,
-5.61352,43.27285,,
-5.61331,40.98726,,
-5.61197,41.00293,,
-5.61167,43.38105,,
-5.61115,41.01002,,
-5.61094,42.70935,,
-5.61094,42.70935,,
-5.6096,42.33227,,
-5.60955,40.48662,,
-5.60814,42.58754,,
-5.60798,42.19379,,
-5.60772,42.33947,,
-5.60568,40.92188,,
-5.60523,41.01326,,
-5.60444,43.15167,,
-5.60438,41.98581,,
-5.60383,42.61959,,
-5.60035,39.99887,,
-5.60013,42.20566,,
-5.59999,42.14444,,
-5.59967,42.20976,,
-5.5986,42.31059,,
-5.59852,41.01694,,
-5.59845,39.96978,,
-5.59776,42.35726,,
-5.59767,37.56912,,
-5.59726,42.59838,,
-5.5967,40.1165,,
-5.5957,42.38646,,
-5.59474,42.23052,,
-5.59453,40.90832,,
-5.59423,36.0238,,
-5.59399,42.6471,,
-5.59393,42.66274,,
-5.59373,42.66201,,
-5.59373,42.66201,,
-5.59219,42.60654,,
-5.59124,42.53653,,
-5.59098,37.58472,,
-5.59092,43.50375,,
-5.59084,42.53756,,
-5.59028,40.97778,,
-5.58671,40.89447,,
-5.58581,42.43346,,
-5.58482,42.58506,,
-5.58461,42.58917,,
-5.58385,36.26424,,
-5.58359,36.27899,,
-5.58347,37.59558,,
-5.58344,42.61162,,
-5.58321,42.57501,,
-5.58174,40.97818,,
-5.58139,37.14125,,
-5.58022,42.59598,,
-5.57964,42.59866,,
-5.57943,39.94431,,
-5.57917,42.59804,,
-5.57789,40.94849,,
-5.577,43.51037,,
-5.57639,42.44084,,
-5.57602,43.37826,,
-5.57594,40.9484,,
-5.57563,40.9297,,
-5.57325,40.97815,,
-5.57292,36.22965,,
-5.57187,36.03563,,
-5.57174,42.59842,,
-5.57171,41.0297,,
-5.57167,41.03009,,
-5.57151,41.0745,,
-5.57132,39.8721,,
-5.571,36.22687,,
-5.56945,41.52836,,
-5.5683,42.59303,,
-5.56797,42.61708,,
-5.56725,42.58675,,
-5.56723,37.25554,,
-5.56721,41.52855,,
-5.56688,42.60647,,
-5.56509,42.58432,,
-5.56457,42.59143,,
-5.56442,42.61738,,
-5.56434,41.0452,,
-5.56302,42.60625,,
-5.56254,42.59086,,
-5.56098,39.91689,,
-5.56075,36.04253,,
-5.56071,41.04853,,
-5.56056,43.50935,,
-5.56018,42.49292,,
-5.55867,42.59595,,
-5.55819,39.91369,,
-5.5575,42.60194,,
-5.55657,40.10672,,
-5.55481,40.94601,,
-5.55442,36.91343,,
-5.55436,41.54115,,
-5.55422,43.416,,
-5.55401,40.7433,,
-5.55378,40.85557,,
-5.55378,42.57876,,
-5.55363,42.57845,,
-5.553,41.05537,,
-5.5516,42.47975,,
-5.55139,42.60111,,
-5.55062,42.47724,,
-5.55026,37.25275,,
-5.54978,39.08956,,
-5.54972,37.25681,,
-5.54805,43.34443,,
-5.54721,39.90261,,
-5.54709,43.3737,,
-5.54668,37.6226,,
-5.54552,40.98197,,
-5.5452,42.0009,,
-5.54068,41.39267,,
-5.53951,37.12476,,
-5.5388,43.4326,,
-5.53875,36.79026,,
-5.53803,40.35433,,
-5.53312,43.49499,,
-5.53116,40.78054,,
-5.52966,42.65196,,
-5.52893,42.71671,,
-5.52451,37.48416,,
-5.52407,39.8871,,
-5.5237,39.89124,,
-5.52354,43.36735,,
-5.52256,40.82878,,
-5.52141,42.4561,,
-5.5214,40.941,,
-5.5162,42.56967,,
-5.51392,40.8211,,
-5.51055,43.46294,,
-5.51037,40.93919,,
-5.5074,41.91283,,
-5.50718,37.23022,,
-5.50694,36.72778,,
-5.50644,41.08088,,
-5.50474,36.08188,,
-5.50452,36.18387,,
-5.50391,36.72656,,
-5.50181,39.11161,,
-5.49972,41.56877,,
-5.4973,40.76697,,
-5.49624,36.0844,,
-5.49624,40.93721,,
-5.49429,42.65573,,
-5.49077,39.95139,,
-5.48983,36.18079,,
-5.48945,36.17891,,
-5.48768,40.36918,,
-5.48672,39.11114,,
-5.48615,41.56741,,
-5.48564,42.56102,,
-5.48118,36.71761,,
-5.47926,42.55829,,
-5.47893,42.45721,,
-5.47876,40.02632,,
-5.47734,36.70515,,
-5.47579,43.46934,,
-5.47478,36.7043,,
-5.47278,41.55861,,
-5.47111,40.93222,,
-5.4709,39.84131,,
-5.46624,36.15869,,
-5.46324,40.93205,,
-5.45917,42.54556,,
-5.45564,41.54952,,
-5.45463,41.15461,,
-5.45408,36.14488,,
-5.45347,36.14055,,
-5.4522,41.54915,,
-5.45139,40.38861,,
-5.45072,36.15604,,
-5.45067,40.94976,,
-5.44948,36.13871,,
-5.44592,36.13566,,
-5.44575,36.13575,,
-5.44561,36.13229,,
-5.44383,43.48732,,
-5.44357,43.48714,,
-5.44278,42.53278,,
-5.44231,42.57102,,
-5.44214,36.12597,,
-5.44132,36.11546,,
-5.44124,36.14022,,
-5.44123,36.13671,,
-5.44097,36.14464,,
-5.44077,37.28542,,
-5.43845,36.25078,,
-5.4376,42.5391,,
-5.43361,41.54722,,
-5.43055,43.48799,,
-5.43055,43.48799,,
-5.4272,39.89048,,
-5.42333,37.31537,,
-5.42211,37.3286,,
-5.41669,41.16443,,
-5.41356,37.32464,,
-5.41183,36.20637,,
-5.40982,41.98753,,
-5.40917,40.41,,
-5.4073,42.48559,,
-5.40612,41.16609,,
-5.406,37.319,,
-5.40405,41.98788,,
-5.40307,37.5096,,
-5.40237,37.33317,,
-5.399,36.20726,,
-5.39826,42.45537,,
-5.39662,42.45417,,
-5.39299,36.20726,,
-5.389,42.45769,,
-5.38828,36.88436,,
-5.38568,36.18896,,
-5.38543,36.206,,
-5.38438,36.205,,
-5.382807,36.19905,,
-5.38243,36.88645,,
-5.3814,36.2087,,
-5.38119,36.20868,,
-5.38096,36.20978,,
-5.37743,40.8716,,
-5.37265,36.17316,,
-5.37083,42.43278,,
-5.36346,42.51753,,
-5.3575,36.17448,,
-5.35498,41.19059,,
-5.35488,42.40436,,
-5.35132,36.2181,,
-5.34938,36.21522,,
-5.34745,40.92891,,
-5.34715,36.20725,,
-5.34133,42.77159,,
-5.34055,40.44946,,
-5.33958,41.20031,,
-5.33432,39.10986,,
-5.33394,42.83463,,
-5.33242,40.4671,,
-5.33005,42.36083,,
-5.32933,42.35963,,
-5.32098,37.23136,,
-5.32058,40.46609,,
-5.31806,42.34111,,
-5.31487,36.52347,,
-5.31356,42.53755,,
-5.31354,36.28107,,
-5.31284,43.48699,,
-5.30934,43.3578,,
-5.30204,41.23964,,
-5.29876,41.24282,,
-5.29829,42.42836,,
-5.29446,42.55011,,
-5.29356,38.29686,,
-5.28943,41.54,,
-5.28803,42.32469,,
-5.28151,36.40986,,
-5.28151,36.40986,,
-5.27638,36.31231,,
-5.27487,36.38268,,
-5.27487,36.38268,,
-5.2679,42.16164,,
-5.2678,36.33438,,
-5.26656,40.91651,,
-5.26226,42.57738,,
-5.26167,40.50438,,
-5.25218,42.84005,,
-5.24951,40.50709,,
-5.2455,38.2971,,
-5.24353,41.28526,,
-5.23884,36.33988,,
-5.2381,36.34255,,
-5.23374,37.75007,,
-5.23207,36.35765,,
-5.22879,36.36459,,
-5.22705,42.60523,,
-5.22309,37.23211,,
-5.21492,42.0998,,
-5.21272,37.77117,,
-5.20945,42.09418,,
-5.20782,42.62553,,
-5.20112,37.78089,,
-5.19862,40.5271,,
-5.19745,36.39701,,
-5.19517,43.36252,,
-5.19498,37.52293,,
-5.19122,42.64035,,
-5.18501,43.36901,,
-5.17861,41.34444,,
-5.17741,42.65541,,
-5.1758,40.53034,,
-5.16674,42.68237,,
-5.16522,37.23302,,
-5.15863,36.73095,,
-5.15812,37.52182,,
-5.15807,41.37498,,
-5.15766,42.69304,,
-5.15742,42.34397,,
-5.15556,42.39611,,
-5.15455,42.88592,,
-5.15348,42.70588,,
-5.15146,43.36414,,
-5.15113,36.75172,,
-5.14946,40.98374,,
-5.14745,42.03117,,
-5.14573,43.39752,,
-5.14256,43.35994,,
-5.13948,42.76287,,
-5.13778,42.86293,,
-5.13327,41.40911,,
-5.13184,37.52415,,
-5.13121,37.23617,,
-5.12786,36.70263,,
-5.12628,42.78732,,
-5.12265,42.83952,,
-5.12169,36.43235,,
-5.12022,37.51106,,
-5.11904,36.67564,,
-5.11519,37.40825,,
-5.11417,37.22833,,
-5.11386,42.92646,,
-5.1086,37.61056,,
-5.09753,37.80637,,
-5.09664,41.4357,,
-5.09556,40.87571,,
-5.09555,39.27614,,
-5.09475,41.94684,,
-5.09302,36.44662,,
-5.09282,37.22923,,
-5.0825,37.58443,,
-5.0822,39.91969,,
-5.07854,37.57291,,
-5.07198,37.23725,,
-5.06904,36.59236,,
-5.06904,36.59236,,
-5.06839,41.9093,,
-5.06766,36.58136,,
-5.06766,36.58136,,
-5.06204,40.87476,,
-5.05931,43.45321,,
-5.05815,39.91823,,
-5.05559,43.45993,,
-5.04982,36.87413,,
-5.0453,39.16996,,
-5.04438,41.48074,,
-5.04427,37.71732,,
-5.04299,37.23645,,
-5.04185,40.57348,,
-5.03985,41.87762,,
-5.03862,37.00507,,
-5.03858,42.3602,,
-5.03708,39.92185,,
-5.03228,38.18408,,
-5.02766,42.38402,,
-5.02677,37.55873,,
-5.02534,41.50386,,
-5.02382,41.0713,,
-5.02296,36.5443,,
-5.0221,41.49706,,
-5.02198,42.3252,,
-5.01554,41.8557,,
-5.01509,43.43712,,
-5.01317,41.85333,,
-5.01317,41.85333,,
-5.01177,42.09096,,
-5.01097,41.83817,,
-5.01097,41.83817,,
-5.00946,37.24984,,
-5.00612,37.82134,,
-4.99976,41.09356,,
-4.99443,37.00756,,
-4.99432,41.49593,,
-4.99197,38.2204,,
-4.9915,38.22094,,
-4.9878,41.31012,,
-4.98567,37.70591,,
-4.98518,41.46278,,
-4.98142,41.81192,,
-4.9812,40.85404,,
-4.97748,38.25786,,
-4.97614,41.48297,,
-4.97593,37.59689,,
-4.97343,40.84869,,
-4.97036,37.82888,,
-4.96986,37.60537,,
-4.96847,41.42775,,
-4.96843,38.38991,,
-4.96477,40.84489,,
-4.96397,41.41088,,
-4.9614,39.12746,,
-4.96104,36.49995,,
-4.95227,37.83693,,
-4.94744,40.83604,,
-4.94711,36.50132,,
-4.94263,37.68793,,
-4.94083,41.78556,,
-4.94061,41.51745,,
-4.93762,36.77163,,
-4.93744,36.4999,,
-4.93729,37.67515,,
-4.93384,37.02498,,
-4.93197,42.36377,,
-4.92906,40.54034,,
-4.92845,40.81932,,
-4.92694,42.23993,,
-4.92611,40.59556,,
-4.92543,42.97379,,
-4.91301,41.32639,,
-4.91282,41.32942,,
-4.91241,42.35215,,
-4.91001,41.41091,,
-4.90632,37.85372,,
-4.90576,37.71147,,
-4.90441,42.36414,,
-4.90388,39.96098,,
-4.90342,43.33048,,
-4.90169,37.71398,,
-4.89867,37.715,,
-4.89864,40.60156,,
-4.89769,36.51319,,
-4.89668,41.53872,,
-4.89537,37.2952,,
-4.89482,37.85995,,
-4.89466,37.85969,,
-4.89412,41.54091,,
-4.89384,37.86042,,
-4.89378,37.04443,,
-4.87249,40.80268,,
-4.87171,43.4188,,
-4.8683,37.8695,,
-4.86746,36.50898,,
-4.86538,36.53765,,
-4.86495,41.49762,,
-4.86342,41.52111,,
-4.86252,36.56071,,
-4.8619,37.87161,,
-4.86138,41.46092,,
-4.86114,41.7347,,
-4.85832,41.56763,,
-4.85445,43.43201,,
-4.85337,36.59603,,
-4.85272,37.5806,,
-4.85229,36.59123,,
-4.85187,37.87452,,
-4.84843,43.42185,,
-4.84784,42.21492,,
-4.84784,42.21492,,
-4.84771,37.34711,,
-4.8467,37.04964,,
-4.84518,37.7485,,
-4.84139,40.61444,,
-4.84,37.87778,,
-4.83807,41.31721,,
-4.83702,41.70245,,
-4.83686,41.70254,,
-4.83444,36.86111,,
-4.83219,40.60113,,
-4.83173,37.04796,,
-4.82676,40.81144,,
-4.82438,37.76085,,
-4.82196,37.36482,,
-4.82143,37.77638,,
-4.82124,37.77059,,
-4.81925,37.36577,,
-4.81839,37.76883,,
-4.8177,38.05812,,
-4.81722,37.78248,,
-4.81691,38.05784,,
-4.81618,37.88155,,
-4.81548,37.88156,,
-4.81547,37.88171,,
-4.8149,41.7062,,
-4.8141,40.2569,,
-4.81171,40.60991,,
-4.81046,41.68244,,
-4.80972,40.61083,,
-4.80854,41.60579,,
-4.8073,37.27584,,
-4.80694,40.75583,,
-4.80685,37.88298,,
-4.80522,36.63677,,
-4.80506,37.88026,,
-4.80392,37.87336,,
-4.80343,40.83457,,
-4.80329,37.86899,,
-4.80066,41.56644,,
-4.80016,37.81109,,
-4.79756,42.67148,,
-4.79738,37.81609,,
-4.79611,37.19906,,
-4.79523,43.42036,,
-4.79498,41.62642,,
-4.79265,37.37109,,
-4.79236,37.83752,,
-4.79181,37.84061,,
-4.79085,41.61993,,
-4.78881,40.62675,,
-4.78737,41.61678,,
-4.78728,37.90726,,
-4.78574,36.51352,,
-4.78528,37.91443,,
-4.78457,37.86247,,
-4.78425,37.22539,,
-4.78346,41.61906,,
-4.78211,40.80037,,
-4.78202,41.62295,0,
-4.78118,41.62615,,
-4.78064,37.33712,,
-4.78027,41.56888,,
-4.78027,41.56888,,
-4.77806,37.89356,,
-4.77792,37.28931,,
-4.77759,37.18264,,
-4.77727,41.62121,,
-4.77681,37.18234,,
-4.77671,37.40013,,
-4.77547,41.63638,,
-4.77524,36.51234,,
-4.77104,41.6233,,
-4.77062,42.62224,,
-4.77055,41.63911,,
-4.76945,41.12354,,
-4.76912,41.12314,,
-4.76872,41.61456,,
-4.76782,37.81856,,
-4.7664,37.95827,,
-4.76625,37.92703,,
-4.76591,40.70765,,
-4.76578,43.42312,,
-4.76538,41.63392,,
-4.7653,41.53733,,
-4.76524,41.65065,,
-4.76511,41.1183,,
-4.76255,41.64112,,
-4.76149,41.70483,0,
-4.76138,37.8729,,
-4.76105,37.90301,,
-4.75944,41.58583,,
-4.75944,41.58583,,
-4.75908,40.77697,,
-4.7561,41.61257,,
-4.75459,37.60409,,
-4.75429,40.75874,,
-4.75387,40.76476,,
-4.75371,41.62353,,
-4.7535,41.61636,,
-4.75319,41.61708,,
-4.75183,41.66062,,
-4.75085,41.63837,,
-4.75044,41.64618,,
-4.74861,41.62583,,
-4.74837,41.61713,,
-4.74825,41.61874,,
-4.74812,41.61778,,
-4.74799,41.64826,,
-4.74676,37.88869,,
-4.74648,41.63754,,
-4.74575,37.88931,,
-4.74524,41.62204,,
-4.74503,37.68772,,
-4.74495,41.65307,,
-4.74423,41.09071,,
-4.74365,41.68161,,
-4.74296,40.64092,,
-4.74124,40.6989,0,
-4.74096,37.89798,,
-4.74055,36.77433,,
-4.7395,41.6502,,
-4.73925,41.66035,,
-4.73839,41.639,,
-4.73742,41.66769,,
-4.73692,41.08141,,
-4.73687,40.68785,,
-4.7364,41.67024,,
-4.73527,43.39903,,
-4.7352,37.40234,,
-4.73481,41.65875,,
-4.73447,41.64454,,
-4.73262,42.52738,,
-4.73252,42.52414,,
-4.7325,41.64283,,
-4.7323,43.39736,,
-4.73222,41.65389,,
-4.73161,41.65775,,
-4.73128,37.67437,,
-4.73116,36.76505,,
-4.73116,36.76505,,
-4.73093,40.85556,,
-4.73073,41.66465,,
-4.73037,41.6535,,
-4.7303,37.90435,,
-4.72939,42.49867,,
-4.72914,37.66806,,
-4.7284,41.60824,,
-4.72785,41.66829,,
-4.72688,41.6278,0,
-4.72676,41.64432,0,
-4.72617,41.61565,,
-4.72615,41.62611,,
-4.72595,41.63871,,
-4.72586,41.69027,,
-4.72551,41.65899,,
-4.72299,36.68804,,
-4.72299,36.68804,,
-4.72269,41.59463,,
-4.72238,41.66885,,
-4.72187,36.75439,,
-4.72187,36.75439,,
-4.72134,41.67986,,
-4.72017,36.65904,,
-4.71937,37.88963,,
-4.71925,41.68868,,
-4.71859,41.63612,,
-4.71844,41.64937,,
-4.71515,42.02473,,
-4.7147,37.06205,,
-4.71387,41.69701,,
-4.71279,41.58059,,
-4.71206,41.64183,,
-4.71123,41.66583,,
-4.70979,36.61234,,
-4.7091,41.63382,,
-4.70845,41.72012,,
-4.70722,41.66389,,
-4.7043,41.66701,,
-4.70394,41.65377,,
-4.70263,41.64374,,
-4.70236,41.63714,,
-4.70203,40.64514,,
-4.70094,36.71207,,
-4.70094,36.71207,,
-4.70057,40.67432,,
-4.70029,41.05165,0,
-4.70022,37.06278,,
-4.69904,37.62393,,
-4.69894,40.41333,,
-4.69864,41.62507,,
-4.69773,41.71659,,
-4.69657,41.52712,,
-4.6959,41.5244,,
-4.69398,42.44382,,
-4.69398,42.44382,,
-4.69322,40.6379,,
-4.69313,40.64172,,
-4.69278,40.66821,,
-4.69105,40.63357,,
-4.68894,41.3424,,
-4.68801,36.49843,,
-4.6879,36.49836,,
-4.68686,41.40527,,
-4.68669,43.39733,,
-4.68604,37.8931,,
-4.68337,41.36877,,
-4.68199,40.86913,,
-4.68167,40.47798,,
-4.68065,41.54265,,
-4.68064,37.92948,,
-4.67997,41.02319,,
-4.67832,41.47984,,
-4.67812,42.14768,,
-4.67812,42.14768,,
-4.67712,43.39629,,
-4.67642,40.66087,,
-4.67604,40.4954,,
-4.67604,40.4954,,
-4.67516,37.41563,,
-4.67462,40.72464,,
-4.67324,42.14098,,
-4.67324,42.14098,,
-4.67159,36.70109,,
-4.67125,41.01415,,
-4.67106,40.66276,,
-4.67081,40.66314,,
-4.67062,41.23126,,
-4.67051,37.41459,,
-4.66973,40.65865,,
-4.66918,36.54662,,
-4.66865,41.56923,,
-4.66839,37.89736,,
-4.66834,40.65882,,
-4.66661,40.31352,,
-4.66639,41.00953,,
-4.66572,43.39581,,
-4.66554,37.11699,,
-4.66528,42.01996,,
-4.66498,37.89849,,
-4.66121,40.54576,,
-4.6597,40.66026,,
-4.65701,40.99964,,
-4.65663,37.05162,,
-4.65455,41.7462,,
-4.65449,40.66932,,
-4.65412,40.52656,,
-4.65412,40.52656,,
-4.65385,43.39597,,
-4.65254,37.74283,,
-4.65222,40.99485,,
-4.65025,43.39559,,
-4.65003,41.74861,,
-4.64886,40.47861,,
-4.64568,42.11754,,
-4.64568,42.11754,,
-4.6443,42.05677,,
-4.64313,40.30438,,
-4.6413,40.98311,,
-4.63883,42.34995,,
-4.63743,36.50859,,
-4.63735,36.5085,,
-4.6373,37.72392,,
-4.63645,37.73255,,
-4.63641,36.58002,,
-4.63572,42.11399,,
-4.63316,37.50039,,
-4.63208,37.71771,,
-4.6304,40.3018,,
-4.6282,36.52854,,
-4.62772,37.40667,,
-4.62635,36.54732,,
-4.62466,42.35236,,
-4.62466,42.35236,,
-4.62267,42.34969,,
-4.6192,40.96013,,
-4.61919,41.77477,,
-4.61758,36.55798,,
-4.61681,40.95727,,
-4.61674,37.06176,,
-4.61666,43.39216,,
-4.61632,40.62271,,
-4.61309,36.557,,
-4.61294,42.33913,,
-4.6124,37.40121,,
-4.61214,36.55849,,
-4.6112,36.55579,,
-4.60913,43.31026,,
-4.60702,42.23772,,
-4.60702,42.23772,,
-4.60683,36.56121,,
-4.60426,42.32402,,
-4.60426,42.32402,,
-4.60258,41.79226,,
-4.60161,43.1956,,
-4.60099,40.94897,,
-4.59964,41.47648,,
-4.59854,41.59142,,
-4.59811,36.56613,,
-4.59802,42.25254,,
-4.59802,42.25254,,
-4.59628,37.68948,,
-4.59492,40.69166,,
-4.59456,40.98032,,
-4.59417,40.93482,,
-4.59152,36.57117,,
-4.59092,40.29382,,
-4.58875,42.06872,,
-4.58872,37.9186,0,
-4.58565,40.94236,,
-4.58556,41.80614,,
-4.58349,41.80956,,
-4.58313,40.61296,,
-4.58255,41.59429,,
-4.58089,37.39834,,
-4.58084,40.89617,,
-4.58069,36.57503,,
-4.58022,41.43823,,
-4.57789,36.7336,,
-4.57558,40.29557,,
-4.57454,41.34386,,
-4.5745,40.90209,,
-4.57401,40.29679,,
-4.5736,37.68335,,
-4.56939,36.57769,,
-4.56934,36.70072,,
-4.56778,42.04209,,
-4.56646,40.70359,,
-4.5646,41.57039,,
-4.56113,36.69467,,
-4.56048,37.66696,,
-4.56,41.5884,,
-4.55992,42.03964,,
-4.55992,42.03964,,
-4.55922,36.59988,,
-4.55912,36.58066,,
-4.5589,40.60985,,
-4.55842,41.84925,,
-4.55721,36.60037,,
-4.55707,43.38158,,
-4.55697,36.66073,,
-4.55671,41.85163,,
-4.55484,42.36393,,
-4.55463,36.58099,,
-4.55415,41.58683,,
-4.55406,40.43139,,
-4.55397,36.60104,,
-4.5536,43.3307,,
-4.55335,43.38048,,
-4.55271,40.43446,,
-4.55168,41.85703,,
-4.5511,36.67319,,
-4.54839,40.71532,,
-4.54777,37.46858,,
-4.54719,36.66142,,
-4.54646,41.86346,,
-4.54636,37.46822,,
-4.54595,36.58059,,
-4.54528,40.30193,,
-4.5449,37.43347,,
-4.5446,36.59964,,
-4.54398,42.00407,,
-4.54379,41.3576,,
-4.54358,40.84984,,
-4.543,36.60463,,
-4.54229,36.59986,,
-4.54119,37.46685,,
-4.54093,41.8722,,
-4.53834,36.59511,,
-4.53675,36.59409,,
-4.53632,42.00841,,
-4.5351,40.83972,,
-4.53467,37.02978,,
-4.53378,36.58464,,
-4.53318,37.07185,,
-4.53298,41.35043,,
-4.53291,37.25143,,
-4.53135,41.98154,,
-4.53128,42.01339,,
-4.53121,42.00033,,
-4.53055,41.9776,,
-4.5305,42.01231,,
-4.52989,36.66147,,
-4.52954,36.60041,,
-4.52936,41.99392,,
-4.52886,36.71331,,
-4.52834,36.58942,,
-4.52731,41.89038,,
-4.52719,42.00159,,
-4.52698,42.00517,,
-4.52656,40.72323,,
-4.52653,36.60123,,
-4.52634,36.59953,,
-4.52604,36.59725,,
-4.52535,37.40712,,
-4.52492,36.59186,,
-4.52385,41.99848,,
-4.52353,41.99826,,
-4.52298,40.84268,,
-4.52246,36.60269,,
-4.52204,36.59376,,
-4.52196,41.59363,,
-4.52174,41.99576,,
-4.5213,41.36577,,
-4.52126,40.84176,,
-4.52068,41.99424,,
-4.52046,40.84094,,
-4.5203,41.99334,,
-4.52028,37.68212,,
-4.5198,42.01154,,
-4.51945,41.95622,,
-4.51936,42.00838,,
-4.51844,42.03676,,
-4.51764,42.00112,,
-4.51739,37.0526,,
-4.51732,42.01518,,
-4.51692,41.9021,,
-4.51632,36.60793,,
-4.51441,36.61199,,
-4.5121,40.83167,,
-4.51206,41.59622,,
-4.51188,36.6124,,
-4.51035,43.37492,,
-4.50978,36.63693,,
-4.50758,41.96563,,
-4.50551,43.3763,,
-4.50536,41.92531,,
-4.5031,41.99238,,
-4.50141,42.10349,,
-4.50119,43.37575,,
-4.49911,36.64072,,
-4.49879,36.63552,,
-4.49782,41.93006,,
-4.49633,36.6599,,
-4.49616,37.04022,,
-4.49477,37.94304,,
-4.49254,36.7376,,
-4.49208,37.04124,,
-4.49108,37.01143,,
-4.49027,36.6446,,
-4.48977,40.32014,,
-4.4894,36.64689,,
-4.48874,36.72844,,
-4.48819,36.64915,,
-4.48819,40.40838,,
-4.4877,36.65056,,
-4.48763,42.08794,,
-4.48637,36.72167,,
-4.48594,36.65764,,
-4.4857,36.67384,,
-4.48495,43.37152,,
-4.48386,36.66228,,
-4.48248,37.68436,,
-4.48207,42.0986,,
-4.48194,36.69276,,
-4.48188,37.42159,,
-4.48171,40.40143,,
-4.4815,36.66618,,
-4.47881,36.67089,,
-4.47682,36.67411,,
-4.47438,37.43218,,
-4.47392,36.65755,,
-4.4715,36.7322,,
-4.47112,40.74179,,
-4.47059,41.94784,,
-4.47022,37.47102,,
-4.46995,40.02361,,
-4.46935,36.68116,,
-4.46735,40.38959,,
-4.46735,40.38959,,
-4.46471,36.72823,,
-4.46414,40.75105,,
-4.46125,40.79728,,
-4.46035,43.3707,,
-4.45718,37.45272,,
-4.45661,36.72097,,
-4.4566,36.72087,,
-4.45643,41.6042,,
-4.45638,36.70345,,
-4.45464,36.72428,,
-4.45454,37.49362,,
-4.45442,36.72495,,
-4.45424,36.72915,,
-4.45094,37.41301,,
-4.45071,41.97348,,
-4.45067,40.52454,,
-4.44987,42.183,,
-4.4487,37.50534,,
-4.44857,37.50633,,
-4.44819,43.36813,,
-4.44801,42.20812,,
-4.44705,36.95536,,
-4.44559,36.82035,,
-4.44497,37.51456,,
-4.44476,40.37454,,
-4.44476,40.37454,,
-4.44388,40.48105,,
-4.44331,36.90981,,
-4.4432,36.9487,,
-4.44316,36.73032,,
-4.44276,36.81293,,
-4.44174,36.69206,,
-4.43987,36.71653,,
-4.43957,36.86057,,
-4.43928,36.93906,,
-4.43875,42.21452,,
-4.4382,36.69708,,
-4.43778,37.57198,,
-4.4372,42.22196,,
-4.43645,36.71721,,
-4.43621,36.70004,,
-4.43593,36.86743,,
-4.43278,43.36997,,
-4.43255,36.7038,,
-4.42898,37.45657,,
-4.42691,36.73046,,
-4.42685,37.45684,,
-4.42583,40.02172,,
-4.42568,36.77529,,
-4.4237,41.98814,,
-4.42361,42.24,,
-4.42337,36.88313,,
-4.41526,40.58668,,
-4.41412,37.09161,,
-4.4123,42.27156,,
-4.41059,40.78095,,
-4.41027,36.73492,,
-4.40918,40.77935,,
-4.40674,40.77836,,
-4.40616,41.98542,,
-4.40511,40.12964,,
-4.40511,40.12964,,
-4.40406,43.36889,,
-4.4025,40.15193,,
-4.4025,40.15193,,
-4.4024,42.2806,,
-4.39819,43.36454,,
-4.39746,42.40173,,
-4.39698,42.32864,,
-4.39674,36.72251,,
-4.39562,36.90116,,
-4.39438,42.44673,,
-4.39057,42.36262,,
-4.39031,42.36303,,
-4.38983,37.02173,,
-4.38962,37.01923,,
-4.38879,42.34955,,
-4.38741,40.50678,,
-4.38741,40.50678,,
-4.38694,40.35736,,
-4.38613,36.72142,,
-4.38608,41.43607,,
-4.3854,36.7216,,
-4.3844,42.46299,,
-4.37976,42.50355,,
-4.37946,36.72144,,
-4.37663,37.54493,,
-4.37543,40.77169,,
-4.375,36.72234,,
-4.37473,36.7215,,
-4.37173,36.81192,,
-4.37031,36.90358,,
-4.37019,36.72244,,
-4.36879,42.00427,,
-4.36836,43.35071,,
-4.36796,36.73054,,
-4.36759,41.0362,,
-4.36727,40.4602,,
-4.36726,40.46023,,
-4.36647,40.51563,,
-4.36647,40.51563,,
-4.36481,36.71981,,
-4.36198,42.4075,,
-4.3565,39.59079,,
-4.35575,36.90246,,
-4.35542,40.76632,,
-4.35384,42.41235,,
-4.35135,42.63851,,
-4.35079,36.71767,,
-4.34916,42.0138,,
-4.34853,40.46019,,
-4.34851,40.4602,,
-4.33943,40.80538,,
-4.33869,40.34932,,
-4.33779,41.96229,,
-4.33479,40.80581,,
-4.33411,40.75895,,
-4.33348,43.33677,,
-4.33027,43.38461,,
-4.32966,40.75688,,
-4.32578,43.38432,,
-4.32557,41.40464,,
-4.32556,42.67057,,
-4.32289,43.33326,,
-4.31842,36.71298,,
-4.3171,37.08254,,
-4.3155,37.0937,,
-4.31376,42.6651,,
-4.31302,37.4602,,
-4.31212,41.40138,,
-4.31117,42.02941,,
-4.31013,37.86796,,
-4.30937,38.98447,,
-4.30614,40.80901,,
-4.30441,41.00136,,
-4.30367,43.32846,,
-4.30239,43.2226,,
-4.30219,40.27972,,
-4.30077,42.03104,,
-4.29874,42.03153,,
-4.29865,43.23004,,
-4.29807,40.749,,
-4.29701,40.744,,
-4.29506,41.40553,,
-4.29423,43.38859,,
-4.29234,42.71381,,
-4.29125,40.38093,,
-4.28885,41.6417,,
-4.28659,36.72444,,
-4.28653,42.03594,,
-4.28515,43.37691,,
-4.28137,40.74684,,
-4.2788,42.03815,,
-4.27362,40.39488,,
-4.27026,38.67174,,
-4.27016,37.46291,,
-4.27013,43.34541,,
-4.26984,43.38816,,
-4.26858,41.12534,,
-4.26842,41.16289,,
-4.26759,42.79559,,
-4.26639,43.35948,,
-4.26292,37.57333,,
-4.26182,40.55812,,
-4.26178,40.98579,,
-4.26085,37.45713,,
-4.26052,43.3259,,
-4.25915,37.57285,,
-4.25786,36.72434,,
-4.25546,40.73483,,
-4.2554,36.72474,,
-4.25518,40.40343,,
-4.25516,36.72491,,
-4.25476,43.38998,,
-4.25436,41.12611,,
-4.25336,41.9386,,
-4.2533,41.11022,,
-4.25064,40.73311,,
-4.24902,43.26936,,
-4.24851,40.85475,,
-4.24839,37.96087,,
-4.24703,43.31662,,
-4.24585,43.31628,,
-4.24577,42.05358,,
-4.24533,40.85783,,
-4.24285,43.38864,,
-4.23527,42.059,,
-4.23385,38.9974,,
-4.23128,43.31058,,
-4.23079,43.02191,,
-4.23022,40.30846,,
-4.22663,43.32252,,
-4.22627,40.38123,,
-4.22413,40.1254,,
-4.22374,38.66629,,
-4.22013,39.87685,,
-4.2177,43.3157,,
-4.21748,42.07105,,
-4.21636,40.50981,,
-4.21623,40.78811,,
-4.21618,40.51026,,
-4.21575,43.317,,
-4.21574,40.79245,,
-4.21519,40.79057,,
-4.21381,40.78888,,
-4.21289,40.78512,,
-4.21113,40.75879,,
-4.21054,42.81621,,
-4.20941,40.95487,,
-4.20937,36.71467,,
-4.20826,40.51081,,
-4.20795,40.51045,,
-4.20767,40.80497,,
-4.20669,38.00449,,
-4.20628,40.77441,,
-4.20602,40.88507,,
-4.20432,40.32718,,
-4.20382,40.32388,,
-4.20366,40.88735,,
-4.20322,40.32612,,
-4.2007,40.88786,,
-4.20015,37.15833,,
-4.19876,42.83277,,
-4.19813,40.72995,,
-4.19799,40.71547,,
-4.19767,43.32533,,
-4.19674,40.71531,,
-4.19614,42.10057,,
-4.1953,41.87738,,
-4.19326,40.3203,,
-4.19309,40.72805,,
-4.19221,43.39554,,
-4.19122,40.71767,,
-4.1912,41.03328,,
-4.19088,40.31926,,
-4.19045,36.71593,,
-4.18796,41.37552,,
-4.18742,40.89361,,
-4.18582,42.76193,,
-4.18056,40.9525,,
-4.18031,40.71157,,
-4.1798,42.40357,,
-4.17625,40.8263,,
-4.17319,36.72398,,
-4.17126,40.38259,,
-4.16856,40.9493,,
-4.16734,42.85462,,
-4.16731,37.86982,,
-4.16677,41.61104,,
-4.16568,40.22814,,
-4.16521,40.71423,,
-4.16106,40.71673,,
-4.1598,40.8301,,
-4.1596,40.71091,,
-4.15907,40.70911,,
-4.15767,37.52933,,
-4.15508,40.92019,,
-4.15212,40.5752,,
-4.15154,42.74221,,
-4.14928,42.87134,,
-4.14708,42.87231,,
-4.14692,40.83996,,
-4.146,40.7049,,
-4.14537,43.39636,,
-4.14335,36.85031,,
-4.13953,42.99732,,
-4.13949,40.84415,,
-4.13854,42.94924,,
-4.13399,40.7122,,
-4.13186,37.5873,,
-4.13091,37.15943,,
-4.12875,39.01808,,
-4.12852,42.89301,,
-4.12841,40.69907,,
-4.12784,41.08409,,
-4.12745,40.70783,,
-4.12605,36.74876,,
-4.12537,40.85299,,
-4.12408,40.57499,,
-4.12408,40.57499,,
-4.12099,40.29901,,
-4.11991,40.37477,,
-4.11878,38.70477,,
-4.11848,37.62676,,
-4.11841,40.5581,,
-4.11841,40.5581,,
-4.11825,40.55767,,
-4.11566,40.6773,,
-4.11428,40.61469,,
-4.11278,43.35573,,
-4.11275,42.39596,,
-4.1109,43.02579,,
-4.10862,43.36428,,
-4.10761,40.66987,,
-4.10747,38.70163,,
-4.10726,38.70342,,
-4.10721,40.97246,,
-4.10707,40.67009,,
-4.10464,40.91391,,
-4.10422,42.37642,,
-4.10405,40.86334,,
-4.10356,40.66821,,
-4.10332,43.36398,,
-4.10254,40.95973,,
-4.1021,40.89554,,
-4.10149,40.9382,,
-4.10114,36.75672,,
-4.10106,40.93951,,
-4.10077,40.65126,,
-4.09942,38.70546,,
-4.09747,43.37434,,
-4.09739,36.74901,,
-4.09556,43.37219,,
-4.0948,40.93244,,
-4.09464,36.74136,,
-4.09283,40.93136,,
-4.09252,43.36982,,
-4.09152,43.36925,,
-4.09055,40.95198,,
-4.08984,37.16634,,
-4.08972,40.52722,,
-4.08802,43.36399,,
-4.0857,40.94204,,
-4.08434,38.68288,,
-4.08305,40.57875,,
-4.08244,43.35777,,
-4.08087,43.38104,,
-4.08,38.682,,
-4.07866,43.22251,,
-4.07857,42.72918,,
-4.07585,40.67837,,
-4.0758,42.39486,,
-4.0741,40.66422,,
-4.07298,40.49889,,
-4.07292,43.35706,,
-4.07056,42.16988,,
-4.06992,43.07963,,
-4.06891,43.08924,,
-4.06848,41.32111,,
-4.06696,43.31789,,
-4.06367,40.30247,,
-4.06295,38.82511,,
-4.06243,37.99188,,
-4.0624,43.24362,,
-4.06153,38.84039,,
-4.06112,36.76126,,
-4.06109,38.80081,,
-4.05945,43.00665,,
-4.0525,40.50222,,
-4.05193,40.25244,,
-4.05188,40.57706,,
-4.05157,40.49917,,
-4.05141,40.49722,,
-4.04995,39.04541,,
-4.04938,43.39356,,
-4.04798,43.38372,,
-4.04776,43.38402,,
-4.04708,43.32938,,
-4.04444,43.36106,,
-4.04436,42.18333,,
-4.04344,38.87241,,
-4.04333,43.37493,,
-4.04239,43.33981,,
-4.04176,40.57822,,
-4.04156,40.39636,,
-4.04032,43.41188,,
-4.04023,40.64604,,
-4.03935,37.54714,,
-4.03845,37.54672,,
-4.03842,40.98721,,
-4.03827,39.86992,,
-4.03793,41.60484,,
-4.03737,43.35483,,
-4.03658,43.37812,,
-4.03655,37.80993,,
-4.03505,43.38235,,
-4.03388,40.95113,,
-4.03371,43.0099,,
-4.02828,42.71833,,
-4.02748,40.26576,,
-4.02632,39.86948,,
-4.0258,38.85945,,
-4.0217,40.60564,,
-4.0214,37.79793,,
-4.02133,40.87326,,
-4.02089,40.65417,,
-4.02,37.79694,,
-4.01973,40.99769,,
-4.01796,40.4742,,
-4.01748,43.34421,,
-4.01593,39.86347,,
-4.01128,40.71347,,
-4.01086,40.40195,,
-4.00987,40.30249,,
-4.00952,40.6571,,
-4.00889,40.27328,,
-4.00791,40.2667,,
-4.00688,40.7126,,
-4.00663,40.47117,,
-4.00641,40.63767,,
-4.00398,40.78927,,
-4.00293,43.01623,,
-4.00269,39.86786,,
-4.00189,40.73015,,
-3.99608,40.57141,,
-3.99603,37.53957,,
-3.99564,40.64753,,
-3.99372,38.90666,,
-3.99306,43.42655,,
-3.9923,40.29003,,
-3.99167,40.47889,,
-3.99145,41.00768,,
-3.98911,40.57023,,
-3.98877,43.34766,,
-3.98873,40.48067,,
-3.9881,40.39228,,
-3.98785,37.96303,,
-3.98744,40.62061,,
-3.98646,43.40746,,
-3.98606,37.719,,
-3.986,39.78771,,
-3.98435,40.61905,,
-3.98388,41.01013,,
-3.98385,40.65675,,
-3.98138,37.72439,,
-3.98009,39.86362,,
-3.97998,37.95764,,
-3.97854,37.95888,,
-3.9761,40.56735,,
-3.97532,40.72259,,
-3.97463,40.66975,,
-3.9746,43.33612,,
-3.97446,43.42997,,
-3.97422,43.33973,,
-3.97356,43.41233,,
-3.9729,39.86398,,
-3.97286,37.46331,,
-3.97245,43.42731,,
-3.97101,43.41359,,
-3.97081,40.71868,,
-3.97054,38.04479,,
-3.97031,37.76739,,
-3.97011,40.67732,,
-3.96935,43.35587,,
-3.96915,40.71732,,
-3.96704,40.13308,,
-3.96611,40.38139,,
-3.96587,39.86008,,
-3.96462,39.98652,,
-3.96434,39.98652,,
-3.96291,37.73701,,
-3.9629,40.55616,,
-3.96117,40.55451,,
-3.96117,40.55451,,
-3.96077,39.86077,,
-3.96018,39.0113,,
-3.95854,40.46001,,
-3.9536,40.45967,,
-3.95249,40.53473,,
-3.95249,40.53473,,
-3.94981,38.96397,,
-3.94876,37.75315,,
-3.94818,37.4596,,
-3.94795,40.58165,,
-3.9479,40.2201,,
-3.945,43.3518,,
-3.94493,38.95867,,
-3.94493,40.41472,,
-3.94148,40.45652,,
-3.94087,40.45652,,
-3.94076,40.69394,,
-3.94068,40.29858,,
-3.93784,38.97584,,
-3.93607,36.75539,,
-3.93584,43.31088,,
-3.935,40.36167,,
-3.93408,38.97902,,
-3.93322,43.42665,,
-3.93253,38.98151,,
-3.93079,40.30118,,
-3.93061,43.42847,,
-3.92943,40.51345,,
-3.92855,38.9959,,
-3.92777,40.69865,,
-3.92721,43.31071,,
-3.92674,42.37917,,
-3.92552,38.98131,,
-3.9251,39.02309,,
-3.92341,40.36521,,
-3.92318,43.4402,,
-3.9226,36.75588,,
-3.92221,43.42317,,
-3.92097,40.69738,,
-3.9206,43.42496,,
-3.92057,43.43795,,
-3.92048,38.9866,,
-3.92044,39.06592,,
-3.92011,37.45028,,
-3.91942,40.45867,,
-3.91807,38.97934,,
-3.91781,40.58486,,
-3.91742,37.76234,,
-3.91736,39.88505,,
-3.91679,37.44714,,
-3.91677,37.44741,,
-3.91574,40.30393,,
-3.9153,43.43419,,
-3.91416,40.30377,,
-3.9125,40.26556,,
-3.91194,39.07611,,
-3.91082,40.29191,,
-3.91066,38.93312,,
-3.90894,40.56437,,
-3.9084,38.04872,,
-3.90711,37.76817,,
-3.90362,40.43875,,
-3.9033,40.45697,,
-3.90274,40.71423,,
-3.90256,43.1015,,
-3.90062,40.50079,,
-3.89838,40.26693,,
-3.89816,43.46398,,
-3.89701,40.06579,,
-3.89636,43.43949,,
-3.89583,40.41981,,
-3.89556,40.71524,,
-3.89523,38.05501,,
-3.89479,37.43213,,
-3.89378,40.4113,,
-3.8906,40.5389,,
-3.8904,40.16704,,
-3.88983,38.88262,,
-3.8886,40.4007,,
-3.88815,43.46821,,
-3.8879,38.99495,,
-3.88731,37.45262,,
-3.88602,40.41034,,
-3.88592,37.18545,,
-3.88551,40.44555,,
-3.88479,38.86032,,
-3.88479,43.37842,,
-3.88413,42.64648,,
-3.88411,40.49434,,
-3.88373,40.38989,,
-3.88341,43.4021,,
-3.88304,40.48923,,
-3.88255,43.46661,,
-3.88199,40.51415,,
-3.88044,40.43309,,
-3.87967,43.45042,,
-3.87954,41.68979,,
-3.87936,40.39795,,
-3.8783,40.30715,,
-3.8779,38.04872,,
-3.8779,38.06753,,
-3.87705,40.50641,,
-3.87659,40.4541,,
-3.87497,40.50205,,
-3.87447,40.37816,,
-3.87149,40.37425,,
-3.87118,43.42178,,
-3.87039,40.22533,,
-3.8703,41.68847,,
-3.87028,37.42273,,
-3.87028,40.22556,,
-3.8702,40.221,,
-3.86879,41.25188,,
-3.86803,40.49228,,
-3.86662,43.4634,,
-3.8656,43.46277,,
-3.86075,37.41757,,
-3.86004,40.34703,,
-3.85982,40.31389,,
-3.85939,43.37058,,
-3.85907,43.3875,,
-3.8589,43.41696,,
-3.85865,40.34738,,
-3.8586,37.40985,,
-3.85852,37.78123,,
-3.85836,42.28797,,
-3.85835,43.39295,,
-3.85795,43.00698,,
-3.85786,40.39843,,
-3.85772,43.38187,,
-3.85688,40.35637,,
-3.85668,40.63389,,
-3.85664,43.45866,,
-3.856,40.4824,,
-3.85381,43.31145,,
-3.85374,43.30854,,
-3.8537,40.6369,,
-3.85358,40.41814,,
-3.85313,43.39625,,
-3.85226,43.41124,,
-3.85199,39.59235,,
-3.85188,43.33884,,
-3.85141,37.19408,,
-3.85055,43.33301,,
-3.84987,40.35662,,
-3.84934,37.84791,,
-3.84905,40.25455,,
-3.84875,40.441,,
-3.84857,43.25411,,
-3.8482,40.63975,,
-3.84751,40.35184,,
-3.84706,43.46369,,
-3.8469,43.45559,,
-3.84667,43.24425,,
-3.84653,40.32541,,
-3.84633,40.22232,,
-3.84564,43.38238,,
-3.8453,37.78727,,
-3.84447,43.45413,,
-3.84361,40.32631,,
-3.84348,42.3656,,
-3.84341,43.46414,,
-3.84338,40.26554,,
-3.84317,39.91751,,
-3.84289,43.43543,,
-3.84245,40.39707,,
-3.84175,43.33966,,
-3.84135,40.23975,,
-3.84061,40.40211,,
-3.84025,43.28741,,
-3.83983,43.41662,,
-3.83968,40.47635,,
-3.83957,43.41629,,
-3.83846,40.32444,,
-3.83823,40.47541,,
-3.83823,43.42044,,
-3.83781,40.30023,,
-3.83768,43.42067,,
-3.83759,40.35747,,
-3.83734,40.32813,,
-3.83703,43.38449,,
-3.83672,38.99825,,
-3.83663,43.43147,,
-3.83576,40.3098,,
-3.83535,43.42542,,
-3.83529,43.42424,,
-3.83502,43.4522,,
-3.83407,43.44003,,
-3.83359,43.44505,,
-3.83341,43.43964,,
-3.8333,40.30715,,
-3.8333,40.42559,,
-3.83269,40.42319,,
-3.83244,37.33697,,
-3.83237,37.33649,,
-3.83197,40.35696,,
-3.83151,40.40169,,
-3.83124,40.35024,,
-3.831,40.33083,,
-3.83047,43.47159,,
-3.83004,40.39698,,
-3.82941,40.43277,,
-3.82936,40.29015,,
-3.82931,43.33756,,
-3.82713,40.38698,,
-3.82701,37.78446,,
-3.82607,40.33256,,
-3.82605,43.40651,,
-3.82579,40.35288,,
-3.82577,40.44621,,
-3.82573,40.30188,,
-3.82533,40.35406,,
-3.82527,40.68552,,
-3.82504,40.3519,,
-3.82498,43.45296,4,0
-3.8249,40.39758,,
-3.82451,40.29902,,
-3.82401,43.4622,,
-3.82338,40.31671,,
-3.82336,40.30443,,
-3.82325,40.43107,,
-3.82306,37.79878,,
-3.82304,37.78251,,
-3.8228,40.29794,,
-3.8217,41.71524,,
-3.82119,40.41259,,
-3.82067,43.33959,,
-3.81995,43.33971,,
-3.81842,37.80296,,
-3.81827,40.35789,,
-3.81754,40.29311,,
-3.81705,43.40165,,
-3.81511,43.39867,,
-3.81492,40.30726,,
-3.81459,43.39753,,
-3.81442,40.64433,,
-3.81424,43.33624,,
-3.8142,43.45512,,
-3.81368,43.46898,,
-3.81359,43.39528,,
-3.81339,43.45542,,
-3.81285,40.28562,,
-3.81268,40.28492,,
-3.81184,43.39445,,
-3.81122,40.31362,,
-3.81117,40.26905,,
-3.81006,43.47265,,
-3.81003,40.34726,,
-3.8096,40.12244,,
-3.80911,40.35643,,
-3.80885,40.42993,,
-3.80841,43.46738,,
-3.80836,37.29535,,
-3.80797,39.20389,,
-3.8079,37.29485,,
-3.80786,43.46987,,
-3.80733,40.12244,,
-3.80648,40.37565,,
-3.8061,40.42438,,
-3.80525,40.36819,,
-3.80521,40.33601,,
-3.80418,40.37359,,
-3.80391,43.34093,,
-3.80373,40.27592,,
-3.80328,40.39881,,
-3.8024,37.75064,,
-3.802,40.37182,,
-3.80135,42.73632,,
-3.80132,43.34173,,
-3.8004,40.27921,,
-3.79933,40.34352,,
-3.7991,39.96477,,
-3.79888,43.47586,,
-3.79751,42.76104,,
-3.79722,43.47632,,
-3.79663,40.34016,,
-3.7963,40.24592,,
-3.79623,40.19384,,
-3.7962,36.75091,,
-3.79604,40.34655,,
-3.79554,37.99063,,
-3.7955,40.46307,,
-3.79389,40.34902,,
-3.79375,40.71497,,
-3.79328,40.70658,,
-3.7932,40.4622,,
-3.79292,40.33883,,
-3.79218,40.24793,,
-3.79195,37.95388,,
-3.79184,40.39842,,
-3.79161,41.24472,,
-3.79087,40.33838,,
-3.79057,40.37912,,
-3.79006,40.3083,,
-3.7897,40.45963,,
-3.78947,43.41057,,
-3.78928,40.33717,,
-3.78913,43.47468,,
-3.789,37.8105,,
-3.78888,40.68413,,
-3.7887,40.32766,,
-3.7887,43.47383,,
-3.78858,40.41445,,
-3.78831,43.41083,,
-3.78824,40.21586,,
-3.78823,40.69448,,
-3.78705,37.26431,,
-3.78698,40.32605,,
-3.78541,40.27625,,
-3.78537,40.27615,,
-3.78519,43.41153,,
-3.78483,37.9091,,
-3.7847,39.00088,,
-3.78448,43.46409,,
-3.78358,39.2204,,
-3.7832,40.28049,,
-3.78286,40.45235,,
-3.78268,40.3993,,
-3.7818,40.30493,,
-3.78132,40.28553,,
-3.78006,40.22569,,
-3.78,40.33222,,
-3.77885,41.65166,,
-3.77857,43.40006,,
-3.77833,40.34111,,
-3.77831,38.02382,,
-3.77815,37.80049,,
-3.77815,40.35564,,
-3.77797,43.35405,,
-3.77785,37.79015,,
-3.77778,40.27805,,
-3.77685,42.34309,,
-3.77673,41.96705,,
-3.7764,37.80631,,
-3.77634,38.02383,,
-3.7761,42.66049,,
-3.7754,40.68256,,
-3.77531,43.35589,,
-3.77528,40.24274,,
-3.77468,38.11167,,
-3.77427,41.2406,,
-3.77426,40.39682,,
-3.77379,40.38235,,
-3.77255,38.02617,,
-3.77222,37.78759,,
-3.77152,43.41271,,
-3.77118,40.27861,,
-3.77118,43.40033,,
-3.77111,43.35725,,
-3.77093,40.34907,,
-3.7703,40.68072,,
-3.77029,40.28202,,
-3.77008,40.30001,,
-3.76998,40.39265,,
-3.76975,40.68698,,
-3.76874,39.00647,,
-3.76838,40.22662,,
-3.76828,40.22674,,
-3.76798,40.50583,,
-3.76766,40.245,,
-3.76751,40.34509,,
-3.76698,38.76698,,
-3.76604,43.39998,,
-3.76593,40.36967,,
-3.7652,40.36809,,
-3.76428,40.5017,,
-3.76414,40.27626,,
-3.76407,37.861,,
-3.76397,43.40083,,
-3.76374,40.39998,,
-3.76356,40.39994,,
-3.76317,40.18859,,
-3.76246,40.29256,,
-3.76128,40.3202,,
-3.76074,40.65485,,
-3.76054,38.12073,,
-3.7599,40.23345,,
-3.75986,40.65548,,
-3.75977,40.38408,,
-3.75873,40.65644,,
-3.75829,43.42284,,
-3.75803,42.30351,,
-3.75795,37.79847,,
-3.7579,40.31861,,
-3.75777,37.7976,,
-3.75757,43.36825,,
-3.75742,38.12382,,
-3.75712,40.22219,,
-3.75683,40.26675,,
-3.75669,43.36982,,
-3.75626,40.37948,,
-3.75625,39.25622,,
-3.7561,40.46026,,
-3.75565,40.33807,,
-3.75429,37.25013,,
-3.75428,40.48875,,
-3.75372,37.80006,,
-3.75366,40.29993,,
-3.75365,40.23712,,
-3.75325,40.31804,,
-3.75314,40.23724,,
-3.75292,40.30031,,
-3.75263,40.34246,,
-3.75084,40.40305,,
-3.75031,40.35407,,
-3.75023,40.47887,,
-3.75015,40.32688,,
-3.7499,40.36225,,
-3.74964,39.28971,,
-3.749607,40.362572,,
-3.74935,40.34277,,
-3.7492,40.3763,,
-3.74862,36.75296,,
-3.74783,40.44226,,
-3.74729,40.46228,,
-3.7469,40.35258,,
-3.74661,40.46142,,
-3.74622,41.66229,,
-3.74616,40.34259,,
-3.74606,40.363131,,
-3.74572,40.40738,,
-3.7457,40.40724,,
-3.745599,40.363456,,
-3.74543,40.47443,,
-3.7451,40.31678,,
-3.74505,40.45917,,
-3.74448,39.27373,,
-3.74417,40.34716,,
-3.74349,40.34289,,
-3.74319,40.4388,,
-3.74159,40.29717,,
-3.74142,40.36708,,
-3.74133,38.09931,,
-3.74045,40.29139,,
-3.74039,39.00851,,
-3.73999,40.44607,,
-3.73998,40.43572,,
-3.7398,40.43551,,
-3.73972,38.09658,,
-3.73917,40.24181,,
-3.73916,37.24329,,
-3.73912,40.41068,,
-3.73906,37.77243,,
-3.73889,38.09356,,
-3.73889,40.30228,,
-3.73888,40.36172,,
-3.7383,40.49093,,
-3.73794,40.33903,,
-3.7378,40.31389,,
-3.73767,40.37068,,
-3.73689,40.26208,,
-3.7366,40.29597,,
-3.73619,40.43638,,
-3.7356,40.37388,,
-3.73519,40.3727,,
-3.73476,40.42761,,
-3.73475,37.81181,,
-3.73344,40.64597,,
-3.73291,40.43241,,
-3.73111,40.41388,,
-3.73088,40.47272,,
-3.73074,40.42996,,
-3.73057,40.37328,,
-3.73042,40.64237,,
-3.73037,40.47745,,
-3.72966,40.39893,,
-3.72928,40.4067,,
-3.72864,40.44104,,
-3.72844,40.39922,,
-3.72834,40.4602,,
-3.72834,40.46028,,
-3.7282,40.40699,,
-3.72779,40.47836,,
-3.72769,40.42292,,
-3.72753,41.67942,,
-3.72683,39.94697,,
-3.72667,42.34528,,
-3.72664,41.66461,,
-3.72608,42.09392,,
-3.72583,40.43115,,
-3.7258,40.4222,,
-3.72473,40.4301,,
-3.72465,41.66488,,
-3.7246,40.47246,,
-3.72448,40.33096,,
-3.72441,40.41658,,
-3.72424,40.27506,,
-3.7238,37.22955,,
-3.72323,40.40332,,
-3.72296,40.43358,,
-3.72292,40.40309,,
-3.72262,40.25176,,
-3.7226,40.40996,,
-3.7223,40.4046,,
-3.72205,40.40309,,
-3.72203,40.35337,,
-3.72167,40.50639,,
-3.72151,36.73737,,
-3.72137,40.47575,,
-3.72133,40.4365,,
-3.72098,40.39994,,
-3.72088,40.4369,,
-3.72055,40.40397,,
-3.72041,40.36934,,
-3.72013,40.50152,,
-3.71982,40.61882,,
-3.71901,40.37997,,
-3.718,40.38491,,
-3.71784,42.11602,,
-3.71772,40.3848,,
-3.7177,42.12898,,
-3.71753,40.59731,,
-3.71739,40.49404,,
-3.7172,43.37307,,
-3.71717,40.43037,,
-3.71715,40.38562,,
-3.71703,40.39711,,
-3.71679,40.61411,,
-3.71668,40.48811,,
-3.71652,40.49216,,
-3.71581,41.54672,,
-3.71567,40.39916,,
-3.71558,40.44059,,
-3.71523,40.39752,,
-3.71499,38.15845,,
-3.71495,40.48307,,
-3.71455,42.57187,,
-3.71448,40.40776,,
-3.71438,40.35765,,
-3.71436,40.3886,,
-3.71435,40.4671,,
-3.71388,40.39767,,
-3.71371,40.48329,,
-3.71349,40.56059,,
-3.71336,40.41596,,
-3.71297,40.42009,,
-3.71294,42.57079,,
-3.71288,40.46926,,
-3.71281,40.60047,,
-3.71277,40.46926,,
-3.71253,40.94376,,
-3.71218,40.48058,,
-3.71215,42.34951,,
-3.71204,43.4067,,
-3.71182,36.73756,,
-3.71116,40.47127,,
-3.71097,43.39086,,
-3.71089,40.55653,,
-3.71077,43.35855,,
-3.71073,40.56333,,
-3.71069,40.43002,,
-3.71045,43.40703,,
-3.71042,40.45023,,
-3.71016,40.39063,,
-3.71009,37.18709,,
-3.71009,40.44007,,
-3.70971,40.39718,,
-3.70966,40.5046,,
-3.70964,41.5025,,
-3.7085,37.1923,,
-3.70844,40.43882,,
-3.70836,42.14356,,
-3.70809,40.39645,,
-3.70803,40.44084,,
-3.7078,37.80281,,
-3.7076,40.447,,
-3.70681,40.58538,,
-3.70665,40.37173,,
-3.70638,40.57743,,
-3.70638,40.57777,,
-3.70614,41.57295,,
-3.70598,37.22328,,
-3.7059,40.58202,,
-3.70585,40.57841,,
-3.70568,40.55048,,
-3.70533,40.39678,,
-3.70496,40.47195,,
-3.70494,41.58388,,
-3.70439,42.50658,,
-3.70416,40.39593,,
-3.70415,40.43867,,
-3.70325,40.39487,,
-3.70292,39.95684,,
-3.70292,42.31612,,
-3.70277,40.23506,,
-3.70251,42.30487,,
-3.70247,40.39535,,
-3.70247,40.47981,,
-3.70245,42.35608,,
-3.70192,40.19292,,
-3.70158,40.39852,,
-3.70087,40.48928,,
-3.70066,41.79913,,
-3.70057,40.4385,,
-3.70054,40.36376,,
-3.70036,40.60622,,
-3.70011,42.31655,,
-3.69978,40.19873,,
-3.69975,40.39112,,
-3.69936,40.38755,,
-3.699,40.38725,,
-3.69885,42.26525,,
-3.6987,40.54124,,
-3.69818,40.34368,,
-3.69801,40.47986,,
-3.69774,40.344,,
-3.69658,38.17898,,
-3.69648,40.37855,,
-3.69646,40.37926,,
-3.69618,42.34944,,
-3.69609,39.58022,,
-3.69601,40.38769,,
-3.69598,40.3776,,
-3.69598,40.42863,,
-3.69516,40.38602,,
-3.69497,40.3868,,
-3.69485,36.73736,,
-3.69461,40.53684,,
-3.69378,40.37713,,
-3.69354,40.36202,,
-3.69335,40.36059,,
-3.6933,40.35607,,
-3.69322,40.35504,,
-3.69301,40.35503,,
-3.69296,40.35073,,
-3.69291,40.34173,,
-3.6928,42.34182,,
-3.69279,40.37858,,
-3.69273,40.33663,,
-3.69269,40.34025,,
-3.69254,40.33652,,
-3.6922,40.31447,,
-3.69218,40.31597,,
-3.692,41.48009,,
-3.69197,40.32612,,
-3.69174,40.3082,,
-3.69167,40.29761,,
-3.69167,42.37404,,
-3.6913,40.38814,,
-3.69083,40.4475,,
-3.69064,40.36406,,
-3.69052,40.45463,,
-3.6904,40.26032,,
-3.69005,41.13056,,
-3.68982,40.23472,,
-3.68978,40.46219,,
-3.68968,40.46328,,
-3.68949,40.27946,,
-3.68902,40.52501,,
-3.68899,40.41255,,
-3.6889,40.41658,,
-3.68886,42.34958,,
-3.68882,40.46661,,
-3.68881,40.27589,,
-3.68861,40.32577,,
-3.68843,37.80255,,
-3.68792,40.32854,,
-3.68791,40.40242,,
-3.68785,40.38859,,
-3.68767,42.34696,,
-3.68731,41.71007,,
-3.68695,42.31579,,
-3.68648,42.34295,,
-3.68643,42.41233,,
-3.68624,37.19235,,
-3.68601,40.4416,,
-3.68552,40.40016,,
-3.6855,40.51626,,
-3.68541,40.48056,,
-3.68535,37.80226,,
-3.68532,40.42069,,
-3.6848,40.483,,
-3.6845,41.69224,,
-3.68441,40.28103,,
-3.68353,40.40096,,
-3.68319,40.4381,,
-3.68299,40.37695,,
-3.68295,42.32575,,
-3.68282,40.44253,,
-3.68253,40.42119,,
-3.68227,40.3976,,
-3.68227,42.36207,,
-3.68207,42.43388,,
-3.68185,42.4503,,
-3.68161,40.44137,,
-3.6812,42.34661,,
-3.68112,41.65303,,
-3.68061,40.4042,,
-3.6806,40.513,,
-3.68041,40.40726,,
-3.67989,40.42788,,
-3.67948,40.43934,,
-3.67935,37.72493,,
-3.67882,40.51873,,
-3.67833,40.78694,,
-3.67825,40.44447,,
-3.67798,41.43877,,
-3.67793,36.73,,
-3.67789,37.19247,,
-3.6778,40.41539,,
-3.6778,40.51352,,
-3.67778,40.39345,,
-3.67769,41.44976,,
-3.67766,42.34858,,
-3.67753,40.41475,,
-3.67725,40.45866,,
-3.67723,40.49966,,
-3.67678,40.41044,,
-3.67676,42.34907,,
-3.67671,40.33178,,
-3.67664,40.50404,,
-3.67658,43.4552,,
-3.67643,38.09114,,
-3.67631,42.35135,,
-3.67622,42.35164,,
-3.67583,40.48111,,
-3.67581,40.55301,,
-3.67574,40.48027,,
-3.67525,38.84094,,
-3.67516,40.55296,,
-3.67508,40.43522,,
-3.6748,42.34416,,
-3.67471,40.51764,,
-3.67455,42.30732,,
-3.67432,40.47936,,
-3.674,40.48129,,
-3.67383,42.38322,,
-3.67352,40.48272,,
-3.67347,40.55247,,
-3.67341,40.39538,,
-3.67329,40.47343,,
-3.67318,40.43918,,
-3.67312,40.40695,,
-3.67302,40.3419,,
-3.67301,40.45177,,
-3.67294,42.36015,,
-3.67264,40.40387,,
-3.6726,40.33274,,
-3.67227,36.74378,,
-3.67167,42.34788,,
-3.67139,38.81972,,
-3.67103,40.46615,,
-3.671,42.30521,,
-3.6707,40.49167,,
-3.67058,40.46641,,
-3.67025,42.46287,,
-3.67007,40.04781,,
-3.67001,40.41073,,
-3.66942,40.18024,,
-3.66936,40.55126,,
-3.6693,40.44065,,
-3.66887,43.46655,,
-3.66863,40.45905,,
-3.66858,42.23671,0,
-3.66851,40.36222,,
-3.668,40.421,,
-3.66785,42.3611,,
-3.66736,40.48012,,
-3.6673,40.40639,,
-3.66715,40.51829,,
-3.667,40.44271,,
-3.66697,40.45568,,
-3.6667,40.4065,,
-3.66657,40.40398,,
-3.66654,42.38027,,
-3.66647,43.38823,,
-3.66638,40.36316,,
-3.66626,40.40507,,
-3.66618,40.46704,,
-3.6659,40.42058,,
-3.6654,40.41919,,
-3.66526,40.4642,,
-3.66491,40.46305,,
-3.66476,40.44088,,
-3.66466,42.29906,,
-3.6643,40.36414,,
-3.66375,40.41977,,
-3.66311,37.1914,,
-3.66305,41.7011,,
-3.66212,40.55408,,
-3.66179,38.20612,,
-3.66179,40.23426,,
-3.66153,40.41925,,
-3.66132,40.54308,,
-3.66083,42.22973,,
-3.66053,42.34633,,
-3.66028,40.44444,,
-3.66022,40.42654,,
-3.6601,40.54792,,
-3.65991,40.49108,,
-3.65972,40.41079,,
-3.65934,40.94285,,
-3.65933,40.4451,,
-3.65928,40.52252,,
-3.6592,40.41667,,
-3.65911,37.80257,,
-3.6582,37.27972,,
-3.65814,40.13852,,
-3.65778,40.14055,,
-3.65764,40.50544,,
-3.65753,37.297,,
-3.65748,40.52395,,
-3.65684,40.13106,,
-3.65672,40.52432,,
-3.65645,40.41798,,
-3.65643,38.10116,,
-3.65613,42.35713,,
-3.65609,40.42273,,
-3.65586,40.4057,,
-3.65475,40.41071,,
-3.6545,40.37462,,
-3.65352,40.47751,,
-3.65327,40.38474,,
-3.65321,40.5538,,
-3.65305,42.3452,,
-3.65294,40.44732,,
-3.65283,40.38162,,
-3.6528,40.46716,,
-3.65251,40.37559,,
-3.65248,38.10394,,
-3.65238,40.3914,,
-3.6523,40.52089,,
-3.65218,40.21829,,
-3.6519,40.02471,,
-3.65186,40.37711,,
-3.65184,40.49578,,
-3.6518,40.50755,,
-3.65171,43.05254,,
-3.65113,41.40268,,
-3.65056,40.52266,,
-3.65033,40.52944,,
-3.65014,37.17139,,
-3.65011,39.98036,,
-3.64967,40.54469,,
-3.64943,40.5462,,
-3.64909,40.52484,,
-3.64907,40.54127,,
-3.64874,40.06288,,
-3.64873,40.53943,,
-3.64849,40.39455,,
-3.64842,40.42154,,
-3.6484,37.0906,,
-3.64773,40.42339,,
-3.64768,40.50034,,
-3.64626,37.15397,,
-3.64621,38.08181,,
-3.64599,40.39801,,
-3.64583,40.45028,,
-3.64559,40.38713,,
-3.64556,40.48712,,
-3.64548,40.48903,,
-3.64545,40.41488,,
-3.64525,40.02108,,
-3.64521,37.24418,,
-3.64509,40.53858,,
-3.64488,40.06862,,
-3.64471,40.48479,,
-3.6438,40.48136,,
-3.64326,40.48031,,
-3.6429,40.5446,,
-3.64288,40.39544,,
-3.64261,40.55257,,
-3.64256,40.53158,,
-3.64225,40.54199,,
-3.64217,40.54625,,
-3.64208,37.10682,,
-3.64194,40.54188,,
-3.6418,40.54684,,
-3.64178,41.33299,,
-3.64125,41.64642,,
-3.64033,40.43048,,
-3.64015,40.54057,,
-3.63997,40.35832,,
-3.63977,40.07643,,
-3.63961,38.11983,,
-3.63928,40.53972,,
-3.63884,38.22297,,
-3.63813,40.53818,,
-3.63788,37.51909,,
-3.63762,40.10118,,
-3.63749,40.41479,,
-3.63746,38.22355,,
-3.63741,40.38609,0,
-3.63737,37.15982,,
-3.63665,40.39296,,
-3.63661,40.46892,,
-3.63637,40.40051,,
-3.63566,40.46962,,
-3.63558,40.39417,,
-3.63531,37.54057,,
-3.63509,40.47471,,
-3.63501,40.37447,,
-3.63487,40.38186,,
-3.63472,40.35264,,
-3.63464,40.37449,,
-3.63448,40.47887,,
-3.63442,41.64508,,
-3.63405,37.22471,,
-3.63389,40.37111,,
-3.63359,38.90176,,
-3.63332,40.37041,,
-3.63297,37.1927,,
-3.63292,40.47768,,
-3.63288,40.42318,,
-3.63237,37.19399,,
-3.6321,43.40143,,
-3.63204,38.22512,,
-3.63177,40.44779,,
-3.63174,40.54477,,
-3.63105,40.35387,,
-3.63065,40.22021,,
-3.63062,37.22019,,
-3.63022,40.53881,,
-3.62942,40.41078,,
-3.62904,40.35393,,
-3.62895,40.39909,,
-3.62891,37.18455,,
-3.62879,40.53969,,
-3.62873,40.41243,,
-3.62814,40.46011,,
-3.62812,40.38304,,
-3.62783,40.54271,,
-3.62771,37.50018,,
-3.6277,37.33573,,
-3.62767,40.43213,,
-3.62761,37.20376,,
-3.62662,42.36356,,
-3.62653,38.25269,,
-3.62606,40.53931,,
-3.62563,37.55835,,
-3.62524,40.4204,,
-3.62462,40.80815,,
-3.62461,40.44379,,
-3.62442,39.90277,,
-3.62427,40.39168,,
-3.62417,43.40525,,
-3.62384,40.44174,,
-3.6237,37.21139,,
-3.62335,40.53646,,
-3.62332,40.53666,,
-3.62282,40.38856,,
-3.62254,39.90314,,
-3.62201,40.53561,,
-3.62186,40.36512,,
-3.6218,40.1666,,
-3.62174,41.02905,,
-3.62125,40.45486,0,
-3.62111,36.74528,,
-3.62082,37.1811,,
-3.62076,40.39095,,
-3.62071,40.53891,,
-3.62039,40.35547,,
-3.62024,40.79502,,
-3.61976,40.39017,,
-3.61889,37.195,,
-3.61884,40.36334,,
-3.61796,40.36321,,
-3.61795,40.84627,,
-3.61783,37.80655,,
-3.61737,40.40938,,
-3.6171,40.35666,,
-3.61702,40.54214,,
-3.61694,37.2036,,
-3.61675,40.36726,,
-3.61651,40.55427,,
-3.61618,42.76905,,
-3.616,40.2224,,
-3.61586,40.45395,,
-3.61583,41.18555,,
-3.61578,40.40012,,
-3.61569,40.52787,,
-3.61556,37.20256,,
-3.61506,40.41622,,
-3.61505,40.38409,,
-3.6149,40.36894,,
-3.61458,40.45655,,
-3.61448,40.35778,,
-3.61433,40.44951,,
-3.61423,40.3686,,
-3.61374,40.35888,,
-3.61361,37.20832,,
-3.6132,36.7455,,
-3.6131,38.07814,,
-3.61299,40.00624,,
-3.6124,40.06453,,
-3.61202,40.43338,,
-3.612,40.36751,,
-3.61195,42.16704,,
-3.61179,40.16427,,
-3.61123,40.36713,,
-3.61122,40.37888,,
-3.61101,40.08766,,
-3.61096,37.17853,,
-3.61088,40.47189,,
-3.61083,40.37885,,
-3.6107,37.17039,,
-3.61014,37.16764,,
-3.61002,37.14622,,
-3.6099,40.04521,,
-3.6094,40.071,,
-3.60924,37.1648,,
-3.60894,40.22201,,
-3.60883,40.36358,,
-3.60882,37.13429,,
-3.60875,37.232,,
-3.60864,41.63994,,
-3.60844,40.54381,,
-3.60815,40.04193,,
-3.60773,40.9016,,
-3.60759,41.06675,,
-3.60711,43.40685,,
-3.60664,37.36376,,
-3.60651,40.0813,,
-3.60611,37.17001,,
-3.60596,39.05024,,
-3.60588,40.37674,,
-3.60583,39.99539,,
-3.60556,40.7675,,
-3.60531,41.28546,,
-3.60467,40.37657,,
-3.60362,40.01788,,
-3.60333,37.62596,,
-3.60304,40.01603,,
-3.602,41.27506,,
-3.60199,40.22028,,
-3.60197,40.37902,,
-3.60187,38.27787,,
-3.60145,40.37838,,
-3.60121,40.45654,,
-3.60056,40.37122,,
-3.6004,40.51585,,
-3.59946,40.52282,,
-3.59886,40.46926,,
-3.59861,41.08167,,
-3.59851,42.37285,,
-3.59791,39.079,,
-3.59716,40.21913,,
-3.59458,40.4758,,
-3.59366,40.46024,,
-3.59362,41.25806,,
-3.59286,40.69292,,
-3.59206,40.34364,,
-3.59198,38.06923,,
-3.5918,40.4418,,
-3.59134,40.34426,,
-3.59115,40.47576,,
-3.59078,37.48994,,
-3.59023,38.07346,,
-3.59001,40.44579,,
-3.58971,38.29251,,
-3.58921,36.74881,,
-3.58906,40.39855,,
-3.58828,40.39789,,
-3.58818,40.57859,,
-3.58726,40.5712,,
-3.58716,40.73821,,
-3.58684,38.07294,,
-3.58684,40.4523,,
-3.58648,42.38112,,
-3.58558,43.46537,,
-3.58351,38.25965,,
-3.58327,40.59045,,
-3.58272,40.58942,,
-3.58242,41.19693,,
-3.5824,40.59316,,
-3.5814,40.48003,,
-3.58116,40.46585,,
-3.58115,41.16499,,
-3.58071,41.20486,,
-3.5807,37.15665,,
-3.58061,37.15666,,
-3.58013,40.48405,,
-3.57984,42.3356,,
-3.5798,37.22514,,
-3.57774,42.9266,,
-3.57616,40.3654,,
-3.57494,40.46914,,
-3.57377,40.44961,,
-3.57266,40.54342,,
-3.57242,38.82734,,
-3.5724,40.49063,,
-3.57235,40.58304,,
-3.57226,40.49052,,
-3.57191,43.42081,,
-3.57174,40.4035,,
-3.57114,43.41482,,
-3.57016,40.58316,,
-3.56984,42.39424,,
-3.56855,42.13107,,
-3.56612,41.23892,,
-3.56493,40.49299,,
-3.56484,40.4928,,
-3.56333,36.76139,,
-3.56227,40.40948,,
-3.56195,43.4695,,
-3.56028,41.24351,,
-3.56009,42.95189,,
-3.55974,40.54324,,
-3.55828,40.59847,,
-3.55824,40.57472,,
-3.55737,40.4274,,
-3.55698,38.1374,,
-3.55601,40.42719,,
-3.55461,40.35645,,
-3.55453,40.49443,,
-3.55451,37.40088,,
-3.55442,38.52128,,
-3.55362,40.56008,,
-3.55243,40.49484,,
-3.55199,40.49517,,
-3.55137,36.74253,,
-3.55039,40.54773,,
-3.5498,37.3995,,
-3.548,37.93171,,
-3.54785,38.24366,,
-3.54766,40.3568,,
-3.54753,40.61056,,
-3.5472,36.77614,,
-3.54694,40.82278,,
-3.54672,37.94216,,
-3.54649,40.53935,,
-3.54515,42.96921,,
-3.54502,36.78127,,
-3.54471,40.34753,,
-3.54445,38.33754,,
-3.54417,36.77228,,
-3.54372,43.41908,,
-3.54321,40.34588,,
-3.54258,38.35181,,
-3.54202,40.35022,,
-3.54198,37.95162,,
-3.54158,37.95358,,
-3.54125,42.97556,,
-3.54022,40.44276,,
-3.53995,40.35159,,
-3.5399,38.35822,,
-3.53797,40.33948,,
-3.53783,40.44729,,
-3.53617,42.33165,,
-3.53514,40.79524,,
-3.53514,40.79524,,
-3.53383,37.95688,,
-3.5334,40.44647,,
-3.53305,40.40851,,
-3.5328,40.25611,,
-3.53258,40.39187,,
-3.53175,42.40857,,
-3.53114,40.59096,,
-3.52816,40.44801,,
-3.52632,40.50562,,
-3.52556,38.35399,,
-3.52431,37.15649,,
-3.52231,43.42525,,
-3.52163,42.80884,,
-3.52144,37.97186,,
-3.52125,40.15519,,
-3.52102,40.32651,,
-3.52073,40.40894,,
-3.51949,40.27349,,
-3.51905,40.40762,,
-3.51891,36.78517,,
-3.51889,40.39636,,
-3.5182,40.3903,,
-3.5178,40.4255,,
-3.51709,38.37145,,
-3.51638,43.42262,,
-3.51603,40.44614,,
-3.5158,40.32213,,
-3.51516,43.42236,,
-3.51306,43.43582,,
-3.51281,43.4219,,
-3.51194,38.38,,
-3.51086,40.64717,,
-3.51061,39.66919,,
-3.51059,39.15662,,
-3.51058,40.39363,,
-3.50997,40.69642,,
-3.50979,40.45351,,
-3.50955,40.76752,,
-3.50903,40.43825,,
-3.50849,40.57848,,
-3.5081,38.79579,,
-3.50807,38.37863,,
-3.50802,40.41247,,
-3.50771,39.40583,,
-3.50767,38.96169,,
-3.50766,38.38402,,
-3.50705,40.45563,,
-3.50666,40.46152,,
-3.50571,43.42006,,
-3.50541,36.8521,,
-3.50483,40.64483,,
-3.5047,39.21632,,
-3.5043,43.0267,,
-3.50126,38.79387,,
-3.50062,39.23099,,
-3.5006,36.85946,,
-3.49992,40.45854,,
-3.4997,38.40153,,
-3.49896,40.42573,,
-3.49855,38.40741,,
-3.4985,39.24169,,
-3.49814,38.41048,,
-3.49773,40.59627,,
-3.49764,40.59636,,
-3.49741,37.23554,,
-3.49726,36.86218,,
-3.49705,37.41011,,
-3.49703,37.15442,,
-3.4961,43.06146,,
-3.49571,37.23901,,
-3.49536,40.31365,,
-3.49397,42.43991,,
-3.49375,43.45192,,
-3.49319,40.31053,,
-3.4927,43.04065,,
-3.49247,37.98808,,
-3.4924,36.70768,,
-3.49156,43.4213,,
-3.49107,43.45386,,
-3.491,38.51896,,
-3.49077,38.51895,,
-3.48945,43.41386,,
-3.48926,39.3573,,
-3.48739,39.2964,,
-3.48688,43.43465,,
-3.48654,43.39931,,
-3.48602,43.41022,,
-3.48566,42.34686,,
-3.48536,40.44262,,
-3.48497,40.53675,,
-3.48426,43.02558,,
-3.48339,43.01608,,
-3.48308,43.39553,,
-3.48219,38.58059,,
-3.48215,38.04584,,
-3.48124,40.52821,,
-3.48116,40.31711,,
-3.48115,42.97587,,
-3.48095,40.24619,,
-3.48017,36.6992,,
-3.47996,40.62226,,
-3.47968,43.4033,,
-3.47945,39.3282,,
-3.47843,39.32593,,
-3.4783,39.33046,,
-3.47792,40.48493,,
-3.47778,41.31042,,
-3.47676,39.31171,,
-3.47639,38.64,,
-3.47626,40.46188,,
-3.47603,40.2976,,
-3.476,41.29488,,
-3.4757,39.91008,,
-3.47533,36.69881,,
-3.47498,43.39605,,
-3.47485,40.06198,,
-3.4745,40.44766,,
-3.47321,38.64908,,
-3.47234,43.06851,,
-3.47228,39.31495,,
-3.4721,38.5929,,
-3.46845,37.26487,,
-3.46742,40.296,,
-3.46729,42.45732,,
-3.46694,38.60556,,
-3.46615,40.44539,,
-3.46599,42.89602,,
-3.46585,42.45778,,
-3.46578,38.63021,,
-3.46315,39.77971,,
-3.46238,38.65329,,
-3.46221,43.44481,,
-3.46157,36.69768,,
-3.46079,38.04419,,
-3.46004,40.50598,,
-3.45617,40.46396,,
-3.45556,40.72054,,
-3.45556,40.72054,,
-3.45454,43.39054,,
-3.45396,40.1834,,
-3.45214,43.26925,,
-3.45079,43.42825,,
-3.45015,40.34306,,
-3.44879,39.97408,,
-3.44878,38.67003,,
-3.44687,38.67264,,
-3.44624,39.34084,,
-3.44559,38.67465,,
-3.44457,40.32323,,
-3.44438,43.38606,,
-3.44387,38.02997,,
-3.44382,37.99787,,
-3.4433,43.39461,,
-3.44202,43.39877,,
-3.44186,42.72317,,
-3.43983,43.21881,,
-3.43922,43.39866,,
-3.4381,39.03745,,
-3.43392,43.29598,,
-3.43372,43.37944,,
-3.43362,40.56681,,
-3.42944,43.37528,,
-3.42877,43.403,,
-3.42874,40.32515,,
-3.42848,38.0099,,
-3.42525,38.0122,,
-3.42455,40.46799,,
-3.42279,38.70415,,
-3.42269,43.36762,,
-3.42269,43.36762,,
-3.42028,37.64917,,
-3.41875,38.02232,,
-3.41807,43.35808,,
-3.41767,40.52487,,
-3.41743,37.66398,,
-3.41614,36.70307,,
-3.41557,39.93033,,
-3.41556,39.93071,,
-3.41511,43.35194,,
-3.4151,43.35194,,
-3.41472,43.40472,,
-3.41467,38.75773,,
-3.41227,36.70488,,
-3.41041,40.4716,,
-3.40828,43.41213,,
-3.40643,43.09584,,
-3.40095,40.28465,,
-3.39839,40.26778,,
-3.39657,38.01485,,
-3.39481,36.70812,,
-3.39326,38.79278,,
-3.39203,40.48403,,
-3.39022,40.68866,,
-3.39007,40.49203,,
-3.39007,42.80423,,
-3.38868,38.74515,,
-3.38511,43.38613,,
-3.3833,38.96411,,
-3.38294,40.68376,,
-3.38278,38.96902,,
-3.38083,38.98583,,
-3.38055,40.41962,,
-3.37771,39.11855,,
-3.37738,39.11576,,
-3.37664,40.47022,,
-3.3766,40.5581,,
-3.37651,39.08693,,
-3.37525,39.0574,,
-3.37514,39.06007,,
-3.37512,40.56076,,
-3.37428,40.48035,,
-3.37375,39.02366,,
-3.37364,40.27059,,
-3.37163,40.48378,,
-3.37163,40.49649,,
-3.37072,40.47784,,
-3.37046,40.48076,,
-3.36812,40.47332,,
-3.36697,37.82507,,
-3.36682,42.49131,,
-3.36569,38.98572,,
-3.36556,38.99194,,
-3.36443,40.48505,,
-3.36355,39.00353,,
-3.3618,40.50878,,
-3.36072,40.59517,,
-3.35934,37.95679,,
-3.3592,38.99881,,
-3.3551,42.49639,,
-3.35485,37.96282,,
-3.35305,36.74488,,
-3.35281,37.87783,,
-3.35258,40.45492,,
-3.35235,38.18224,,
-3.35155,37.85599,,
-3.35151,43.09185,,
-3.35038,40.66747,,
-3.34892,37.88759,,
-3.34745,37.9153,,
-3.34713,40.22914,,
-3.34636,40.23777,,
-3.34629,39.90843,,
-3.34629,39.90848,,
-3.346,40.24526,,
-3.34583,38.81056,,
-3.34358,40.49662,,
-3.34171,40.52833,,
-3.33817,40.64333,,
-3.33778,40.50097,,
-3.33181,40.50327,,
-3.32965,40.21972,,
-3.32667,43.38586,,
-3.32309,40.44461,,
-3.31639,40.2075,,
-3.31427,43.39694,,
-3.31341,43.40039,,
-3.31322,40.63478,,
-3.31322,40.63478,,
-3.31217,43.40196,,
-3.30855,43.40205,,
-3.30833,42.38968,,
-3.3081,43.40209,,
-3.30724,36.74629,,
-3.30545,42.39175,,
-3.30545,42.39175,,
-3.3006,39.86944,,
-3.29423,40.36924,,
-3.29423,40.36924,,
-3.29419,38.03623,,
-3.29379,38.03655,,
-3.29242,40.17204,,
-3.29056,40.58028,,
-3.29006,40.56573,,
-3.28854,42.01951,,
-3.28609,37.35236,,
-3.28606,40.6332,,
-3.28606,40.6332,,
-3.28467,37.34038,,
-3.2833,42.40348,,
-3.2833,42.40348,,
-3.28256,40.57616,,
-3.27635,36.74792,,
-3.27599,43.09757,,
-3.27304,37.32128,,
-3.27125,37.32146,,
-3.27095,40.36581,,
-3.27095,40.36581,,
-3.26918,40.59239,,
-3.26791,40.56506,,
-3.26303,36.75282,,
-3.26285,43.39838,,
-3.26134,40.50453,,
-3.24858,42.62089,,
-3.24827,40.59678,,
-3.24351,42.41375,,
-3.24002,43.39676,,
-3.23846,42.6277,,
-3.23844,38.93609,,
-3.23726,43.39578,,
-3.23676,43.39555,,
-3.23561,40.58037,,
-3.23221,38.77528,,
-3.22105,43.37617,,
-3.22041,43.38177,,
-3.21918,43.3651,,
-3.21777,43.36163,,
-3.21746,43.36193,,
-3.21742,43.36251,,
-3.21739,43.36327,,
-3.21648,43.37461,,
-3.21572,43.35273,,
-3.20839,38.90968,,
-3.20784,40.6124,,
-3.20603,42.41788,,
-3.20562,43.35064,,
-3.20402,43.18551,,
-3.20266,40.61884,,
-3.2011,43.3539,,
-3.20055,42.41748,,
-3.19741,42.41798,,
-3.19548,40.62975,,
-3.19435,43.3596,,
-3.19264,43.36126,,
-3.1925,38.76694,,
-3.19044,43.04077,,
-3.18667,43.20038,,
-3.18432,42.63967,,
-3.18384,39.09725,,
-3.18372,43.19772,,
-3.182,43.3552,,
-3.18115,42.41633,,
-3.18081,40.47872,,
-3.18017,42.63951,,
-3.17853,40.64379,,
-3.1777,39.76972,,
-3.17495,40.62629,,
-3.17484,42.76635,,
-3.1744,40.79557,,
-3.17376,39.33236,,
-3.17322,40.68649,,
-3.17295,43.35398,,
-3.17184,40.69243,,
-3.17177,40.7408,,
-3.17093,40.53048,,
-3.16932,43.35333,,
-3.16913,43.35324,,
-3.16904,43.35336,,
-3.16676,43.35115,,
-3.16568,40.62324,,
-3.16167,40.5996,,
-3.16023,37.32121,,
-3.15402,43.25886,,
-3.15357,43.19783,,
-3.15063,43.19845,,
-3.15018,43.34169,,
-3.14705,40.61645,,
-3.1432,40.12918,,
-3.13982,43.34278,,
-3.13977,38.75567,,
-3.13972,43.28042,,
-3.13923,39.44503,,
-3.13593,42.42816,,
-3.13434,43.3302,,
-3.12923,43.34168,,
-3.12767,39.11962,,
-3.12585,42.62889,,
-3.1235,43.34246,,
-3.12279,41.96768,,
-3.12131,40.33775,,
-3.11589,40.6609,,
-3.11422,43.32249,,
-3.11414,43.32231,,
-3.11376,43.32268,,
-3.11015,42.63097,,
-3.10995,42.63372,,
-3.106,43.20822,,
-3.10561,43.3379,,
-3.105,43.3365,,
-3.10352,42.63917,,
-3.10126,40.59484,,
-3.09784,41.84066,,
-3.0936,42.64298,,
-3.08957,39.59558,,
-3.08884,40.94454,,
-3.08868,43.32979,,
-3.08745,43.3428,,
-3.08548,40.58218,,
-3.08548,40.58218,,
-3.08414,42.43801,,
-3.08302,38.11799,,
-3.08261,38.11812,,
-3.07996,38.11907,,
-3.07855,38.11407,,
-3.07646,39.1351,,
-3.07262,43.32986,,
-3.06939,36.74669,,
-3.0676,42.65158,,
-3.06728,42.65149,,
-3.06281,42.43874,,
-3.06029,43.3428,,
-3.05612,37.38033,,
-3.05376,40.57174,,
-3.05376,40.57174,,
-3.04984,37.91846,,
-3.04792,36.74699,,
-3.04722,43.08056,,
-3.04479,43.33529,,
-3.04389,37.20624,,
-3.04227,43.33118,,
-3.04173,42.6613,,
-3.03773,39.16158,,
-3.035,38.74111,,
-3.03498,43.21646,,
-3.03441,40.02251,,
-3.03145,43.31134,,
-3.02853,38.14417,,
-3.02601,42.74467,,
-3.02542,43.31018,,
-3.02081,43.36522,,
-3.01752,39.91642,,
-3.01363,43.3058,,
-3.01291,43.32188,,
-3.01194,43.33163,,
-3.01149,43.3387,,
-3.01124,43.33341,,
-3.01088,43.02357,,
-3.00984,43.3363,,
-3.0098,43.29092,,
-3.00952,43.34198,,
-3.00835,40.7633,,
-3.00696,38.88863,,
-3.00637,43.02955,,
-3.00637,43.33535,,
-3.00544,43.33475,,
-3.00531,43.3347,,
-3.00293,43.35075,,
-3.00158,43.33393,,
-3.00129,43.36838,,
-3.00088,43.33448,,
-3.00017,43.28645,,
-2.99983,43.34669,,
-2.99982,43.36572,,
-2.99887,43.10334,,
-2.99704,43.36095,,
-2.99607,43.26774,,
-2.99545,41.56512,,
-2.99545,43.3431,,
-2.9953,43.348,,
-2.99522,43.10985,,
-2.9952,43.03536,,
-2.99468,43.34773,,
-2.99309,43.32878,,
-2.98972,43.04358,,
-2.9887,40.77799,,
-2.98832,42.67169,,
-2.9871,43.2843,,
-2.98623,43.32499,,
-2.98594,43.32276,,
-2.98586,43.28756,,
-2.98555,43.11518,,
-2.98549,43.29074,,
-2.98538,43.37985,,
-2.98459,43.29068,,
-2.9826,43.33378,,
-2.9824,43.32345,,
-2.98146,42.7154,,
-2.98126,43.27827,,
-2.98078,43.12509,,
-2.9799,43.12595,,
-2.9797,43.32151,,
-2.97917,43.27656,,
-2.97889,43.375,,
-2.97852,43.37924,,
-2.9783,43.39177,,
-2.97759,43.38135,,
-2.97756,43.32089,,
-2.97727,43.30815,,
-2.97655,43.25256,,
-2.97566,43.37432,,
-2.97531,43.15272,,
-2.97503,43.37912,,
-2.97335,43.31843,,
-2.9732,43.37369,,
-2.97271,43.2743,,
-2.97218,43.29354,,
-2.972,42.45407,,
-2.97189,43.40126,,
-2.9718,43.39528,,
-2.9715,43.2697,,
-2.97122,43.26764,,
-2.9708,43.27439,,
-2.97001,42.39251,,
-2.96997,42.6778,,
-2.96982,43.27015,,
-2.96819,43.3258,,
-2.96778,43.27226,,
-2.96716,43.31494,,
-2.967,43.32705,,
-2.96672,43.2976,,
-2.96565,43.31327,,
-2.9652,43.26847,,
-2.96474,43.26911,,
-2.96473,42.70126,,
-2.96416,43.13247,,
-2.96416,43.26745,,
-2.96387,43.2991,,
-2.9631,43.26715,,
-2.96234,43.30326,,
-2.96212,43.30711,,
-2.96094,43.28957,,
-2.9608,43.13509,,
-2.96041,43.30174,,
-2.9604,43.33025,,
-2.95986,43.2917,,
-2.95943,43.2916,,
-2.95938,43.14478,,
-2.95736,43.3295,,
-2.95651,42.69506,,
-2.95648,38.91036,,
-2.95618,43.293,,
-2.95616,43.26946,,
-2.95502,36.8264,,
-2.95494,43.27424,,
-2.9549,43.2765,,
-2.95472,43.27527,,
-2.9547,43.27726,,
-2.95405,43.2985,,
-2.95364,39.16099,,
-2.95352,43.29877,,
-2.95328,43.25772,,
-2.95232,43.14031,,
-2.95096,43.14282,,
-2.95056,43.30547,,
-2.94865,41.62826,,
-2.94792,42.67988,,
-2.94766,43.29638,,
-2.94704,39.97135,,
-2.94642,43.2624,,
-2.94616,43.25819,,
-2.94599,43.14422,,
-2.94596,39.53886,,
-2.94583,43.26214,,
-2.94572,37.40034,,
-2.94432,43.25783,,
-2.94378,43.29226,,
-2.94296,43.24937,,
-2.94155,43.27971,,
-2.9404,43.14247,,
-2.94033,43.31514,,
-2.9402,43.40475,,
-2.94009,43.26884,,
-2.93812,43.15176,,
-2.9381,42.69288,,
-2.93764,43.28701,,
-2.93745,42.496,,
-2.93675,43.24778,,
-2.93649,43.26295,,
-2.93611,43.13658,,
-2.93564,43.25762,,
-2.93547,43.13932,,
-2.93528,43.2475,,
-2.93466,41.52136,,
-2.93438,42.50806,,
-2.93437,43.26451,,
-2.93302,43.26793,,
-2.932,43.41501,,
-2.9319,43.41185,,
-2.93184,43.2454,,
-2.92972,43.24315,,
-2.92942,43.26215,,
-2.92903,43.26315,,
-2.9275,43.05162,,
-2.92706,43.2405,,
-2.9266,43.27696,,
-2.9245,43.2761,,
-2.92333,43.24793,,
-2.92066,43.17005,,
-2.92012,43.28925,,
-2.9195,42.70254,,
-2.91877,43.2899,,
-2.91572,42.7048,,
-2.91505,43.2328,,
-2.91485,43.12429,,
-2.91325,43.27159,,
-2.91087,42.68041,,
-2.90939,36.83701,,
-2.90894,42.70864,,
-2.90823,43.23355,,
-2.9082,43.23374,,
-2.90806,37.43071,,
-2.90796,42.8042,,
-2.9071,43.25137,,
-2.90693,43.23351,,
-2.90575,37.53687,,
-2.90443,42.54592,,
-2.90268,43.27582,,
-2.90244,43.01069,,
-2.90241,43.25006,,
-2.90105,42.78405,,
-2.90084,43.30662,,
-2.89942,43.23261,,
-2.89941,43.1793,,
-2.89898,43.25432,,
-2.89875,42.81631,,
-2.89861,43.23276,,
-2.89838,40.5585,,
-2.89726,43.30763,,
-2.8953,43.26057,,
-2.89514,43.29315,,
-2.89478,42.81887,,
-2.8946,43.2602,,
-2.89438,42.83818,,
-2.89403,42.83242,,
-2.89359,42.85203,,
-2.89338,42.44022,,
-2.8931,43.287,,
-2.89304,43.28628,,
-2.89199,43.2873,,
-2.89097,43.23166,,
-2.8905,43.30735,,
-2.8899,43.23135,,
-2.88988,43.23152,,
-2.8897,43.37391,,
-2.88747,40.55647,,
-2.88478,42.67448,,
-2.88468,43.20915,,
-2.88419,42.67993,,
-2.88339,42.71023,,
-2.88193,43.24531,,
-2.88094,43.29112,,
-2.87997,42.5697,,
-2.87974,43.21762,,
-2.87932,42.43957,,
-2.87886,38.75184,,
-2.87858,39.34272,,
-2.87827,42.71066,,
-2.8781,38.75163,,
-2.87679,40.05992,,
-2.87529,43.2215,,
-2.87397,38.3369,,
-2.87351,43.24011,,
-2.87323,42.70656,,
-2.87261,42.99009,,
-2.86943,41.49523,,
-2.8689,41.49507,,
-2.86735,42.5654,,
-2.86584,43.28443,,
-2.86318,43.23277,,
-2.85888,41.49169,,
-2.85798,39.16604,,
-2.85637,42.62899,,
-2.85038,42.63552,,
-2.85037,43.27106,,
-2.84993,37.48528,,
-2.84723,36.76685,,
-2.84292,43.22626,,
-2.84113,41.6826,,
-2.83153,42.54892,,
-2.83037,42.60185,,
-2.82919,43.35061,,
-2.82792,41.68554,,
-2.82654,42.96136,,
-2.82436,43.23195,,
-2.82302,42.78915,,
-2.81722,43.23167,,
-2.81652,43.23245,,
-2.81546,43.23282,,
-2.81509,43.21987,,
-2.81314,43.23376,,
-2.81028,43.21222,,
-2.80571,43.20945,,
-2.80457,42.95709,,
-2.80334,43.24891,,
-2.8033,43.23817,,
-2.80217,43.23744,,
-2.8007,42.95395,,
-2.79947,43.20862,,
-2.79628,38.42372,,
-2.7886,42.81512,,
-2.78538,43.26701,,
-2.78257,42.54044,,
-2.78085,38.39569,,
-2.77968,43.23095,,
-2.77728,42.5382,,
-2.77607,42.94283,,
-2.77482,42.52313,,
-2.77385,36.76751,,
-2.77369,43.23059,,
-2.76911,43.23136,,
-2.76869,37.14868,,
-2.76836,42.82447,,
-2.76701,36.76521,,
-2.7645,43.23124,,
-2.76053,38.97269,,
-2.7594,42.4302,,
-2.75588,42.34604,,
-2.75261,38.96813,,
-2.75152,42.84278,,
-2.75143,40.90263,,
-2.7488,42.82725,,
-2.74591,42.93415,,
-2.742,42.9313,,
-2.74169,43.2131,,
-2.74123,43.08878,,
-2.73909,40.91157,,
-2.73871,40.91221,,
-2.73496,42.82838,,
-2.73103,41.71687,,
-2.724,42.84783,,
-2.72275,43.21426,,
-2.7224,42.82976,,
-2.7203,39.55706,,
-2.7149,42.87666,,
-2.71475,42.84979,,
-2.71448,36.70209,,
-2.71444,42.84991,,
-2.71442,40.92985,,
-2.71382,42.83265,,
-2.71244,42.85633,,
-2.71115,42.41436,,
-2.71106,40.99524,,
-2.71041,42.8653,,
-2.71036,43.06429,,
-2.70728,42.85534,,
-2.70674,42.83498,,
-2.7042,40.93731,,
-2.70345,42.84773,,
-2.70333,42.89556,,
-2.70287,42.8361,,
-2.70279,42.83603,,
-2.70115,42.85412,,
-2.70107,42.854,,
-2.69877,42.41076,,
-2.69835,43.3826,,
-2.69812,43.38313,,
-2.69785,43.39596,,
-2.69776,42.86809,,
-2.69624,43.37058,,
-2.69537,43.38914,,
-2.69519,43.19454,,
-2.69435,42.85121,,
-2.6928,39.21138,,
-2.69169,40.94659,,
-2.69022,42.8709,,
-2.68799,43.2832,,
-2.68763,42.85289,,
-2.68747,42.48278,,
-2.68726,42.8409,,
-2.68611,42.87306,,
-2.68576,42.50165,,
-2.68541,43.27117,,
-2.68413,42.87258,,
-2.68364,42.86811,,
-2.68275,43.3516,,
-2.68274,41.10152,,
-2.68256,42.41854,,
-2.68222,42.8474,,
-2.6811,42.83773,,
-2.68107,42.8505,,
-2.67976,42.57,,
-2.6786,42.85999,,
-2.6782,42.84939,,
-2.67517,42.86316,,
-2.67512,41.08909,,
-2.66977,42.86963,,
-2.66919,42.86114,,
-2.66861,42.86342,,
-2.66854,42.86125,,
-2.66803,42.86386,,
-2.66788,40.95761,,
-2.66787,42.83487,,
-2.6664,42.84196,,
-2.66577,42.83463,,
-2.66567,42.86458,,
-2.66259,42.8593,,
-2.65934,42.86965,,
-2.65933,39.23329,,
-2.65918,42.85699,,
-2.6583,42.84001,,
-2.65819,42.87268,,
-2.6578,42.84922,,
-2.65753,42.85326,,
-2.65743,42.98299,,
-2.65657,43.18171,,
-2.6552,42.88392,,
-2.65232,42.8508,,
-2.65203,39.45066,,
-2.65143,42.85048,,
-2.65112,42.86036,,
-2.65102,42.8974,,
-2.65041,42.85665,,
-2.64993,42.84666,,
-2.64857,42.85498,,
-2.64691,42.57701,,
-2.64498,37.5354,,
-2.64465,42.97833,,
-2.64361,43.15006,,
-2.64354,43.18014,,
-2.64328,36.80543,,
-2.64173,42.57739,,
-2.64034,42.84837,,
-2.64014,42.89042,,
-2.63893,40.47851,,
-2.63891,41.75752,,
-2.63828,39.05236,,
-2.63722,42.84861,,
-2.63649,40.02306,,
-2.63622,42.88218,,
-2.63455,42.85211,,
-2.63316,42.93541,,
-2.63082,42.94122,,
-2.62997,42.90483,,
-2.62967,42.83243,,
-2.6283,42.22504,,
-2.62703,42.90678,,
-2.62642,42.9567,,
-2.62398,43.17287,,
-2.62127,40.02452,,
-2.61843,42.91657,,
-2.6175,42.84056,,
-2.61487,42.46806,,
-2.61337,42.96095,,
-2.61125,40.02976,,
-2.6104,36.77671,,
-2.60876,36.7814,,
-2.60648,36.78719,,
-2.6025,42.85938,,
-2.60225,36.79742,,
-2.59895,39.2697,,
-2.59666,43.16208,,
-2.59625,42.46347,,
-2.596011,43.155283,,
-2.59175,37.11726,,
-2.58283,42.55279,,
-2.58207,43.16582,,
-2.57768,42.86178,,
-2.57688,41.0001,,
-2.57673,43.16581,,
-2.57376,42.43527,,
-2.57292,43.18505,,
-2.57239,43.18769,,
-2.57061,37.64823,,
-2.5684,42.48235,,
-2.56783,42.82968,,
-2.56729,42.4381,,
-2.56532,42.43165,,
-2.56222,42.86873,,
-2.56204,43.19596,,
-2.56204,43.19596,,
-2.56104,42.46362,,
-2.55948,42.42554,,
-2.5546,42.30988,,
-2.55206,37.75473,,
-2.55164,42.4161,,
-2.55028,43.20906,,
-2.5462,42.44569,,
-2.5449,42.53262,,
-2.5449,43.2113,,
-2.5449,43.2113,,
-2.54362,42.53186,,
-2.54029,42.39819,,
-2.53938,42.43959,,
-2.53702,36.81958,,
-2.5365,43.1712,,
-2.53598,42.43899,,
-2.5326,36.82123,,
-2.53111,42.87806,,
-2.52827,37.5868,,
-2.52431,41.76499,,
-2.52306,42.51614,,
-2.52176,41.76614,,
-2.52043,41.78261,,
-2.51816,43.17554,,
-2.51692,42.44532,,
-2.51367,43.06685,,
-2.50829,42.51984,,
-2.50815,36.83094,,
-2.50537,42.45149,,
-2.50524,42.45142,,
-2.50428,43.06187,,
-2.50416,42.33804,,
-2.49954,43.27064,,
-2.49947,42.50516,,
-2.49806,43.27235,,
-2.49696,36.94393,,
-2.49524,43.06248,,
-2.49434,43.05379,,
-2.49283,43.05997,,
-2.48972,42.49417,,
-2.48959,37.06552,,
-2.48944,42.45694,,
-2.48739,43.06409,,
-2.48699,42.48543,,
-2.48691,43.18073,,
-2.48529,43.18066,,
-2.47833,43.06392,,
-2.47779,43.06746,,
-2.47665,41.03491,,
-2.47649,42.35255,,
-2.47612,42.39021,,
-2.47423,42.45586,,
-2.47308,36.83748,,
-2.47126,42.39915,,
-2.46975,42.46162,,
-2.4662,42.40913,,
-2.46476,37.59123,,
-2.46393,36.84088,,
-2.46333,42.45839,,
-2.4625,41.76623,,
-2.46205,41.7657,,
-2.46016,36.84756,,
-2.458,42.45287,,
-2.45758,40.05885,,
-2.45613,43.18985,,
-2.45595,38.7431,,
-2.45492,42.46855,,
-2.45402,42.39057,,
-2.45389,39.32748,,
-2.45267,41.84417,,
-2.45262,42.45878,,
-2.45254,42.45421,,
-2.45152,42.44318,,
-2.45134,42.44325,,
-2.45098,42.45411,,
-2.4493,38.76005,,
-2.44908,41.09441,,
-2.44806,42.73861,,
-2.44749,36.83791,,
-2.44715,41.0505,,
-2.44669,42.47601,,
-2.44623,41.1301,,
-2.44592,36.86853,,
-2.44477,36.83885,,
-2.44358,42.4532,,
-2.44098,39.3905,,
-2.43818,42.45866,,
-2.4378,39.01872,,
-2.437339,42.45751,,
-2.43706,42.4588,,
-2.43611,43.19602,,
-2.4361,37.02066,,
-2.43591,42.41197,,
-2.43537,42.49395,,
-2.43513,42.48637,,
-2.4336,42.46903,,
-2.43264,42.45899,,
-2.43147,42.4182,,
-2.42819,43.1465,,
-2.42645,42.7253,,
-2.42609,42.45789,,
-2.42548,43.13466,,
-2.42472,42.48861,,
-2.42445,36.81561,,
-2.42403,37.59409,,
-2.42346,42.42668,,
-2.42307,36.8927,,
-2.423,42.4566,,
-2.42131,42.46503,,
-2.41981,36.85847,,
-2.419792,36.858376,,
-2.41972,42.48611,,
-2.41766,42.46868,,
-2.4176,42.43464,,
-2.4168,36.89713,,
-2.4156,36.8908,,
-2.4154,36.84005,,
-2.41515,36.89219,,
-2.41508,43.14316,,
-2.41424,36.86156,,
-2.41301,43.2129,,
-2.41296,43.14532,,
-2.41277,36.84083,,
-2.41085,41.17334,,
-2.40301,36.84054,,
-2.40194,43.23626,,
-2.40186,36.84051,,
-2.40164,42.47436,,
-2.40014,43.23595,,
-2.4001,41.18389,,
-2.40009,40.0562,,
-2.39414,43.24754,,
-2.38794,38.7839,,
-2.38635,39.68717,,
-2.38618,43.25723,,
-2.3859,38.7867,,
-2.38316,37.06445,,
-2.37942,36.84001,,
-2.37696,39.2954,,
-2.37489,39.66716,,
-2.3713,39.29308,,
-2.36599,43.20396,,
-2.36537,43.27606,,
-2.36344,43.27821,,
-2.36101,36.85234,,
-2.36021,39.84616,,
-2.35907,43.20262,,
-2.35838,42.67057,,
-2.35837,36.85286,,
-2.35735,43.28434,,
-2.35652,41.74568,,
-2.35652,41.74568,,
-2.35306,42.47368,,
-2.35266,42.45001,,
-2.35229,42.67067,,
-2.35212,43.2962,,
-2.35186,36.85211,,
-2.35128,41.04968,,
-2.35021,36.85211,,
-2.34864,37.35666,,
-2.34768,40.05318,,
-2.34702,40.05318,,
-2.34482,42.47592,,
-2.34182,42.44965,,
-2.34164,40.05844,,
-2.33944,42.4718,,
-2.33684,41.76372,,
-2.33174,43.07085,,
-2.32875,43.18834,,
-2.3276,38.81059,,
-2.32515,42.4717,,
-2.32293,43.17202,,
-2.32086,41.7328,,
-2.32086,41.7328,,
-2.31912,39.87339,,
-2.31431,39.26975,,
-2.3081,41.04793,,
-2.30792,42.44476,,
-2.30778,43.07944,,
-2.30706,43.07935,,
-2.30113,42.4695,,
-2.29087,40.23466,,
-2.28645,40.30258,,
-2.28358,36.83411,,
-2.27918,39.49344,,
-2.27545,41.21738,,
-2.27502,42.42856,,
-2.2734,43.26474,,
-2.27288,37.35975,,
-2.26706,42.15061,,
-2.26417,40.07387,,
-2.26375,42.46083,,
-2.2635,38.8261,,
-2.26278,43.27139,,
-2.26012,41.22441,,
-2.2595,41.22446,,
-2.25925,43.22692,,
-2.25859,43.29051,,
-2.25682,36.8223,,
-2.25668,43.23214,,
-2.2554,43.27492,,
-2.25508,36.86262,,
-2.25263,42.86498,,
-2.25249,42.86519,,
-2.24796,43.27771,,
-2.23913,43.04623,,
-2.23761,37.59667,,
-2.23735,42.95867,,
-2.23524,42.9876,,
-2.23412,42.95458,,
-2.23276,41.77522,,
-2.22983,38.84626,,
-2.22444,40.07583,,
-2.22399,40.10867,,
-2.21848,40.10041,,
-2.21789,43.03603,,
-2.21457,39.41144,,
-2.21328,36.89807,,
-2.21319,39.04393,,
-2.21166,37.99889,,
-2.20897,39.42219,,
-2.20893,40.0887,,
-2.20784,41.04841,,
-2.20631,42.56553,,
-2.2044,39.35651,,
-2.20413,42.44698,,
-2.20341,42.37721,,
-2.20175,41.04489,,
-2.20043,39.4112,,
-2.20036,40.013,,
-2.19399,39.04275,,
-2.19202,40.01554,,
-2.19163,42.91604,,
-2.19098,39.04238,,
-2.19098,39.04238,,
-2.18953,42.55478,,
-2.18742,43.04807,,
-2.18442,38.88376,,
-2.18432,42.55853,,
-2.1833,43.04952,,
-2.17717,42.90941,,
-2.17376,43.05749,,
-2.17278,40.06306,,
-2.15788,39.48576,,
-2.15653,36.91757,,
-2.14838,40.07484,,
-2.14619,40.04104,,
-2.14249,40.14086,,
-2.1393,38.88224,,
-2.13766,40.1495,,
-2.137,40.15294,,
-2.13685,39.19452,,
-2.13203,40.06229,,
-2.12927,41.68005,,
-2.12749,40.05638,,
-2.12668,40.0992,,
-2.12663,42.32891,,
-2.12559,43.2824,,
-2.11434,40.03495,,
-2.11413,40.03291,,
-2.11129,39.56354,,
-2.10527,43.28306,,
-2.0979,42.6246,,
-2.09786,40.95474,,
-2.09739,43.10627,,
-2.09713,42.29151,,
-2.0962,42.31908,,
-2.09612,42.31235,,
-2.096,40.02997,,
-2.09598,39.98606,,
-2.09254,43.1151,,
-2.09227,39.44413,,
-2.09178,40.22984,,
-2.09142,42.06653,,
-2.08293,43.28793,,
-2.07788,43.12298,,
-2.07529,43.29032,,
-2.07365,42.33585,,
-2.07076,39.47271,,
-2.06931,42.33336,,
-2.06545,40.01378,,
-2.0599,42.52637,,
-2.05904,42.64466,,
-2.05808,43.29498,,
-2.05475,41.31837,,
-2.04992,39.14401,,
-2.04948,42.90456,,
-2.04065,36.98224,,
-2.03923,41.31535,,
-2.03772,39.1371,,
-2.037,43.19974,,
-2.03672,39.99541,,
-2.03593,42.27473,,
-2.03245,38.92557,,
-2.03239,39.98331,,
-2.02933,43.21292,,
-2.02927,43.21282,,
-2.02829,42.65654,,
-2.02741,43.23458,,
-2.0271,42.65429,,
-2.02563,43.22446,,
-2.02559,43.22678,,
-2.02491,43.18803,,
-2.0249,43.18822,,
-2.02486,43.2203,,
-2.02458,39.44346,,
-2.02426,39.86695,,
-2.02392,39.88103,,
-2.02276,39.95268,,
-2.0221,43.25325,,
-2.01909,43.18599,,
-2.01891,43.18625,,
-2.01871,43.28183,,
-2.01868,43.28495,,
-2.0186,42.59247,,
-2.01811,43.18509,,
-2.01419,42.6096,,
-2.01383,37.36074,,
-2.01228,36.96474,,
-2.01181,43.16952,,
-2.01039,42.62355,,
-2.00892,38.93499,,
-2.0078,43.30646,,
-2.00678,43.16217,,
-2.00449,43.15396,,
-2.00448,39.01844,,
-2.00448,39.01844,,
-2.00321,43.28149,,
-2.00147,43.31513,,
-2.00126,42.2919,,
-2.00034,42.64951,,
-1.99786,38.62831,,
-1.99358,41.309,,
-1.99288,43.29742,,
-1.99265,42.29656,,
-1.99013,36.96603,,
-1.99,42.66389,,
-1.98886,43.29771,,
-1.98491,42.31171,,
-1.98475,37.35467,,
-1.98326,43.27328,,
-1.97924,43.31132,,
-1.97848,43.302676,,
-1.97768,43.31333,,
-1.97579,42.29819,,
-1.97361,43.29175,,
-1.97351,43.31124,,
-1.97236,43.30711,,
-1.97197,43.29797,,
-1.9701,43.30564,,
-1.96924,43.13405,,
-1.96892,43.30563,,
-1.96883,43.13392,,
-1.96861,43.1291,,
-1.9685,43.12953,,
-1.96832,42.31105,,
-1.96487,42.4008,,
-1.96304,39.01128,,
-1.96299,42.30087,,
-1.9618,43.31963,,
-1.96147,43.3154,,
-1.96044,42.30596,,
-1.95274,43.3214,,
-1.95263,39.52192,,
-1.95064,43.31052,,
-1.94898,37.15911,,
-1.9487,43.3213,,
-1.94497,41.3033,,
-1.94053,39.62671,,
-1.9388,40.86631,,
-1.93747,43.31067,,
-1.93564,38.40602,,
-1.93403,43.31048,,
-1.934,42.32955,,
-1.93039,37.41105,,
-1.92776,42.27345,,
-1.92319,41.23105,,
-1.92148,38.86415,,
-1.9163,43.31379,,
-1.91341,37.42973,,
-1.91089,37.26057,,
-1.90994,43.30948,,
-1.90735,43.01763,,
-1.90693,39.03799,,
-1.90621,38.90658,,
-1.90611,38.05139,,
-1.90594,39.72984,,
-1.90587,39.56038,,
-1.90397,39.72603,,
-1.90286,43.2895,,
-1.9025,39.5436,,
-1.89888,39.5347,,
-1.89712,38.92313,,
-1.89695,42.67786,,
-1.89094,43.32113,,
-1.88712,43.29008,,
-1.8835,42.99931,,
-1.88345,42.67619,,
-1.883,38.06868,,
-1.88129,38.44643,,
-1.87991,42.67505,,
-1.8773,37.28925,,
-1.87361,37.84145,,
-1.87359,39.01007,,
-1.87237,38.97512,,
-1.86788,42.91225,,
-1.86722,39.93704,,
-1.86528,38.98267,,
-1.86412,39.01866,,
-1.86116,38.98438,,
-1.85397,37.23752,,
-1.8508,37.5839,,
-1.85064,37.16281,,
-1.84929,38.97668,,
-1.84674,37.16499,,
-1.84674,37.16499,,
-1.84547,38.44167,,
-1.84533,43.33181,,
-1.84333,43.33167,,
-1.83963,43.33111,,
-1.8354,42.27,,
-1.83309,37.17185,,
-1.83309,37.17185,,
-1.83094,38.99862,,
-1.82826,42.6711,,
-1.81749,39.07312,,
-1.81532,43.33492,,
-1.8132,39.00487,,
-1.81001,43.33144,,
-1.80943,38.96356,,
-1.80502,39.60531,,
-1.805,38.4616,,
-1.80391,43.3331,,
-1.80156,43.36427,,
-1.801,43.36764,,
-1.80096,43.34779,,
-1.80028,39.09688,,
-1.80028,43.34385,,
-1.79969,43.37114,,
-1.79927,43.37293,,
-1.79809,43.35405,,
-1.79805,43.37811,,
-1.79738,43.36206,,
-1.79723,43.35747,,
-1.79592,43.38369,,
-1.79536,42.07939,,
-1.79233,43.34,,
-1.79052,42.69588,,
-1.78573,37.82725,,
-1.78406,39.01438,,
-1.77823,42.33385,,
-1.7772,42.71163,,
-1.77639,38.15333,,
-1.77557,42.33335,,
-1.77285,39.51902,,
-1.77212,42.33279,,
-1.77168,42.14793,,
-1.76693,42.88421,,
-1.75558,42.73226,,
-1.75356,39.51839,,
-1.75033,38.17569,,
-1.74799,42.37157,,
-1.74488,42.2811,,
-1.74415,42.67307,,
-1.7441,42.74307,,
-1.74366,42.74345,,
-1.7411,38.81051,,
-1.73871,37.44036,,
-1.73409,43.30202,,
-1.73363,42.81886,,
-1.73361,41.30805,,
-1.73291,42.16144,,
-1.73279,41.30801,,
-1.73194,42.25629,,
-1.7319,41.43312,,
-1.72821,38.21079,,
-1.72716,39.20861,,
-1.72559,42.76514,,
-1.72372,42.38991,,
-1.72143,41.89448,,
-1.71994,42.86488,,
-1.71458,42.2386,,
-1.71088,37.68333,,
-1.71068,37.68442,,
-1.70974,37.6699,,
-1.70892,37.67114,,
-1.70812,39.57783,,
-1.70797,41.31407,,
-1.70267,41.31584,,
-1.70173,41.25049,,
-1.68789,42.81402,,
-1.68148,42.81844,,
-1.68118,42.79455,,
-1.68005,42.79265,,
-1.67978,42.803,,
-1.67878,42.80835,,
-1.67777,42.80807,,
-1.67736,37.63016,,
-1.67472,42.81957,,
-1.67385,42.80494,,
-1.67379,42.50278,,
-1.67324,38.5955,,
-1.67304,42.7991,,
-1.6719,42.83141,,
-1.67125,43.24752,,
-1.67075,43.15893,,
-1.67013,43.24594,,
-1.6694,43.17435,,
-1.66925,43.17071,,
-1.66913,42.80109,,
-1.66908,38.51924,,
-1.66824,42.80153,,
-1.66775,42.81841,,
-1.66703,42.83274,,
-1.66627,43.14199,,
-1.66591,42.80884,,
-1.66551,39.22992,,
-1.66527,43.19578,,
-1.66488,42.8262,,
-1.6646,42.82189,,
-1.66454,38.55731,,
-1.66438,42.82996,,
-1.6636,43.19981,,
-1.66197,42.80552,,
-1.66136,42.80647,,
-1.66131,42.82332,,
-1.66109,39.50841,,
-1.65723,42.81034,,
-1.65634,42.81499,,
-1.65602,42.82349,,
-1.65568,42.82881,,
-1.65338,42.3526,,
-1.65314,41.33214,,
-1.65255,42.29568,,
-1.65224,42.81438,,
-1.65211,42.80272,,
-1.65201,42.83122,,
-1.6504,37.56624,,
-1.65037,42.46444,,
-1.64972,42.81639,,
-1.64842,42.81333,,
-1.64748,42.82191,,
-1.64595,42.03742,,
-1.64394,42.80229,,
-1.64374,41.32054,,
-1.64345,41.33316,,
-1.64344,41.82624,,
-1.64321,42.42757,,
-1.64308,42.80961,,
-1.64228,42.40174,,
-1.63878,41.31145,,
-1.63868,42.81702,,
-1.63728,42.78733,,
-1.63715,41.30942,,
-1.6369,42.8281,,
-1.63672,42.80175,,
-1.6362,43.00989,,
-1.63608,43.00354,,
-1.63547,42.82389,,
-1.63471,42.78255,,
-1.63382,42.81371,,
-1.63354,42.73531,,
-1.63286,42.79411,,
-1.63285,42.79867,,
-1.63251,42.7424,,
-1.63087,42.80716,,
-1.62973,39.55124,,
-1.62956,42.98066,,
-1.62844,37.5293,,
-1.62831,37.44308,,
-1.62763,37.53048,,
-1.62663,37.49452,,
-1.62533,42.81626,,
-1.62442,37.43349,,
-1.62337,42.81868,,
-1.62278,42.81639,,
-1.62236,42.81382,,
-1.62132,38.91705,,
-1.62016,42.8314,,
-1.6184,42.81467,,
-1.61791,43.06591,,
-1.61666,38.56618,,
-1.61659,37.70734,,
-1.61442,39.48688,,
-1.61301,42.79324,,
-1.61232,42.79409,,
-1.61192,42.80208,,
-1.61104,42.94339,,
-1.60883,42.92997,,
-1.60667,37.41583,,
-1.60291,41.35941,,
-1.60191,42.81171,,
-1.60158,42.81175,,
-1.60154,42.41129,,
-1.60141,41.81987,,
-1.59901,42.81102,,
-1.59608,38.46536,,
-1.5928,42.83145,,
-1.59235,42.83886,,
-1.59135,42.80923,,
-1.58524,42.8311,,
-1.58122,42.82313,,
-1.5753,42.85986,,
-1.57505,39.25683,,
-1.5735,41.48503,,
-1.57222,38.41444,,
-1.55266,41.44833,,
-1.54399,37.73453,,
-1.5397,41.83011,,
-1.53548,42.7203,,
-1.52372,42.38129,,
-1.5166,38.5781,,
-1.51592,41.20567,,
-1.51576,42.96278,,
-1.51146,39.54814,,
-1.5074,39.54988,,
-1.50603,37.45551,,
-1.50416,42.81124,,
-1.50178,41.42033,,
-1.49273,39.54544,,
-1.49229,37.77386,,
-1.49083,42.70244,,
-1.48044,41.43832,,
-1.47496,39.29086,,
-1.47381,37.75199,,
-1.47237,42.68859,,
-1.47057,41.81334,,
-1.46594,42.37055,,
-1.45233,42.77909,,
-1.44994,42.67749,,
-1.44667,41.17806,,
-1.44657,37.80385,,
-1.44176,37.73203,,
-1.42978,37.79327,,
-1.42745,37.84249,,
-1.41645,38.03298,,
-1.41179,41.89863,,
-1.41156,41.1094,,
-1.41077,37.85455,,
-1.40918,41.11405,,
-1.40743,41.11589,,
-1.40692,37.82941,,
-1.40502,37.82764,,
-1.40478,41.11795,,
-1.39465,38.40766,,
-1.38864,38.01596,,
-1.38659,42.77507,,
-1.37972,38.01559,,
-1.3767,39.53433,,
-1.37525,37.77355,,
-1.37506,41.85092,,
-1.37345,37.76842,,
-1.37268,37.74715,,
-1.36554,41.48909,,
-1.36487,41.46667,,
-1.36326,41.48975,,
-1.36305,37.72103,,
-1.3469,40.78193,,
-1.34155,41.01906,,
-1.33915,41.01683,,
-1.33737,37.67526,,
-1.33573,40.7264,,
-1.33239,40.74684,,
-1.32806,38.22778,,
-1.32722,38.22167,,
-1.32512,42.63272,,
-1.32472,38.20833,,
-1.32417,38.87725,,
-1.3234,38.19692,,
-1.31803,38.00108,,
-1.3165,37.59302,,
-1.31375,38.1762,,
-1.31347,40.97069,,
-1.31079,38.52144,,
-1.30829,41.86152,,
-1.30668,38.76186,,
-1.30604,41.41304,,
-1.30449,41.19192,,
-1.30003,40.90871,,
-1.29881,41.62019,,
-1.29741,40.91434,,
-1.29131,40.91959,,
-1.28713,37.56004,,
-1.28648,41.11993,,
-1.28321,39.55101,,
-1.28043,39.84924,,
-1.27781,41.90562,,
-1.27714,41.90622,,
-1.2766,42.61573,,
-1.27294,42.61957,,
-1.26916,37.56021,,
-1.26486,38.07245,,
-1.2645,40.5198,,
-1.26398,38.06977,,
-1.2636,37.56111,,
-1.26256,38.12239,,
-1.26198,40.51474,,
-1.26095,37.9496,,
-1.2603,39.66872,,
-1.25986,41.21642,,
-1.25638,38.80992,,
-1.25392,40.50665,,
-1.25015,41.2373,,
-1.24796,38.09206,,
-1.24727,40.46308,,
-1.24286,38.57306,,
-1.24082,41.66508,,
-1.2396,38.1121,,
-1.23776,41.9561,,
-1.23439,41.54045,,
-1.23352,38.02806,,
-1.23341,41.66903,,
-1.23104,41.77814,,
-1.23044,38.07424,,
-1.22951,38.02258,,
-1.22865,38.05439,,
-1.22332,38.0127,,
-1.22213,38.05531,,
-1.22139,38.06639,,
-1.21952,41.33778,,
-1.21896,41.99351,,
-1.21613,38.07862,,
-1.21394,40.39609,,
-1.21315,41.54905,,
-1.2041,38.04469,,
-1.20395,38.87977,,
-1.20278,41.76943,,
-1.1991,38.07602,,
-1.19788,38.58753,,
-1.19627,41.55607,,
-1.19529,41.76851,,
-1.19343,41.70991,,
-1.19213,38.0871,,
-1.19141,38.03686,,
-1.1904,37.93567,,
-1.1904,37.93567,,
-1.18141,40.38793,,
-1.18135,41.38757,,
-1.17936,41.56083,,
-1.17729,38.59228,,
-1.17703,41.83602,,
-1.17493,37.93999,,
-1.17493,37.93999,,
-1.17234,37.93486,,
-1.17094,38.02852,,
-1.16973,41.77379,,
-1.1697,38.00536,,
-1.16728,41.4019,,
-1.16472,38.02356,,
-1.16421,37.91203,,
-1.16235,37.91966,,
-1.16111,37.97361,,
-1.16099,38.11331,,
-1.1605,41.76156,,
-1.15973,37.94445,,
-1.15731,38.0292,,
-1.15506,37.92981,,
-1.15472,37.97417,,
-1.15435,37.99992,,
-1.15291,37.90704,,
-1.15237,41.77432,,
-1.15213,37.90743,,
-1.15209,37.99826,,
-1.1515,37.93875,,
-1.15059,40.28076,,
-1.14997,39.51664,,
-1.1495,37.90584,,
-1.14794,41.77504,,
-1.14728,38.00877,,
-1.14608,37.99185,,
-1.1431,37.90134,,
-1.14164,37.8912,,
-1.13899,37.88656,,
-1.13849,42.12698,,
-1.13533,41.55137,,
-1.13518,38.6548,,
-1.1336,37.99546,,
-1.13278,37.88075,,
-1.1296,38.00792,,
-1.12932,37.96848,,
-1.12302,41.76261,,
-1.11978,38.00732,,
-1.11856,37.86632,,
-1.11819,38.87777,,
-1.11768,38.05404,,
-1.1173,40.33342,,
-1.11716,37.98184,,
-1.11661,40.34678,,
-1.11474,40.3456,,
-1.11465,40.33537,,
-1.112,37.99974,,
-1.11074,37.7221,,
-1.11063,41.57576,,
-1.11056,38.86891,,
-1.1084,40.35449,,
-1.10774,40.33341,,
-1.10627,39.39839,,
-1.10595,38.0074,,
-1.10595,41.77052,,
-1.10299,41.76813,,
-1.10295,38.01114,,
-1.10196,40.35002,,
-1.099,41.58729,,
-1.09393,39.48649,,
-1.09386,38.00884,,
-1.09385,40.34076,,
-1.09264,40.33337,,
-1.08807,37.64089,,
-1.08687,38.03281,,
-1.08214,37.70616,,
-1.07051,38.05471,,
-1.06935,39.48462,,
-1.0679,41.7499,,
-1.06722,37.85278,,
-1.06597,38.05709,,
-1.0659,41.49475,,
-1.06018,41.7333,,
-1.05935,39.48232,,
-1.05742,38.08279,,
-1.05671,38.07305,,
-1.05634,41.50115,,
-1.05596,37.6335,,
-1.04951,38.17644,,
-1.04781,41.72911,,
-1.04741,39.47946,,
-1.04464,38.52692,,
-1.04352,41.72651,,
-1.04016,37.65849,,
-1.0393,40.34818,,
-1.0377,37.758,,
-1.03704,38.10115,,
-1.03574,40.32607,,
-1.03483,38.06579,,
-1.03452,37.65312,,
-1.02722,41.72974,,
-1.02448,37.71003,,
-1.02367,37.68195,,
-1.02344,41.62174,,
-1.0216,37.61372,,
-1.02091,37.67762,,
-1.02018,37.64448,,
-1.01996,37.69451,,
-1.018,37.62183,,
-1.01713,41.62318,,
-1.01548,38.84026,,
-1.01503,38.82864,,
-1.01159,39.47166,,
-1.00972,41.62478,,
-1.00849,37.62835,,
-1.00818,38.68778,,
-1.00818,38.68778,,
-1.00717,41.53051,,
-1.007,41.69882,,
-1.0031,37.63285,,
-1.00032,37.61535,,
-0.9992,40.3015,,
-0.99845,41.53785,,
-0.99051,41.66342,,
-0.99021,42.61229,,
-0.98944,41.70575,,
-0.98588,41.63134,,
-0.98338,41.69682,,
-0.98216,41.66346,,
-0.98216,41.66346,,
-0.98122,41.69038,,
-0.9781,41.70107,,
-0.97599,37.67069,,
-0.97447,37.67253,,
-0.97271,37.60722,,
-0.96796,37.6052,,
-0.96516,41.64746,,
-0.96406,37.6267,,
-0.96131,37.62607,,
-0.95697,41.66179,,
-0.95697,41.66179,,
-0.95576,40.68207,,
-0.95416,41.6863,,
-0.94954,41.6192,,
-0.94872,37.62034,,
-0.94514,38.73774,,
-0.94228,38.72788,,
-0.94228,38.72788,,
-0.939,37.62936,,
-0.93833,38.09976,,
-0.93833,41.66167,,
-0.93763,37.81563,,
-0.93428,41.66956,,
-0.93196,38.10526,,
-0.92838,41.64502,,
-0.92795,39.45255,,
-0.92515,41.64531,,
-0.92514,41.65976,,
-0.92465,41.65972,,
-0.92453,38.63267,,
-0.9239,41.63495,,
-0.9236,41.6292,,
-0.92185,41.62722,,
-0.92,41.65326,,
-0.91954,41.66314,,
-0.9193,41.6171,,
-0.91836,41.63932,,
-0.91829,41.62578,,
-0.91696,41.64623,,
-0.91686,41.68152,,
-0.91554,41.60877,,
-0.91453,37.61003,,
-0.9122,41.6361,,
-0.91206,41.62328,,
-0.91126,38.15414,,
-0.91086,41.65996,,
-0.91077,41.64539,,
-0.91051,40.19312,,
-0.91006,39.45423,,
-0.90929,38.63444,,
-0.90853,39.45402,,
-0.9071,41.6556,,
-0.90614,41.67,,
-0.90586,41.64484,,
-0.90556,37.6111,,
-0.90472,41.67031,,
-0.90256,41.631,,
-0.90241,41.65497,,
-0.8996,41.62955,,
-0.89917,37.65837,,
-0.89585,41.66802,,
-0.892894,38.78298,,
-0.89209,38.82545,,
-0.89012,41.65115,,
-0.88977,41.68409,,
-0.88949,41.65056,,
-0.88934,41.67642,,
-0.88881,41.64316,,
-0.88864,41.66326,,
-0.88825,41.66895,,
-0.88692,41.66766,,
-0.88557,41.62413,,
-0.8839,41.6729,,
-0.8833,41.6732,,
-0.88215,38.09093,,
-0.88096,41.66286,,
-0.88092,41.66166,,
-0.8759,41.6454,,
-0.87554,37.80951,,
-0.8729,41.6469,,
-0.87194,41.63929,,
-0.87092,41.64751,,
-0.87037,38.09069,,
-0.87019,41.69254,,
-0.87003,41.69314,,
-0.8694,41.69695,,
-0.86865,41.62639,,
-0.86837,41.67676,,
-0.86703,41.66434,,
-0.86578,41.64887,,
-0.86535,41.63591,,
-0.86448,41.64973,,
-0.86394,38.18394,,
-0.86367,41.65099,,
-0.86263,40.50353,,
-0.86256,39.45339,,
-0.8623,41.67329,,
-0.86136,37.72153,,
-0.86125,41.65426,,
-0.8611,41.6711,,
-0.86096,37.71692,,
-0.86066,41.63707,,
-0.8591,41.63221,,
-0.85802,41.64133,,
-0.85769,41.67401,,
-0.85717,41.66969,,
-0.85658,38.4394,,
-0.8563,41.67119,,
-0.85582,39.45147,,
-0.85543,41.72026,,
-0.85512,42.59915,,
-0.85506,41.64965,,
-0.85451,41.66035,,
-0.854,41.62872,,
-0.85321,41.68069,,
-0.85297,41.62824,,
-0.85135,41.72813,,
-0.85057,37.80639,,
-0.84894,38.1998,,
-0.841,41.6568,,
-0.83634,37.64338,,
-0.83526,42.00826,,
-0.8349,41.61108,,
-0.83319,37.64338,,
-0.83227,42.58572,,
-0.82985,41.67951,,
-0.82983,41.67803,,
-0.82981,39.44209,,
-0.82783,41.60528,,
-0.82747,41.6711,,
-0.82127,40.15016,,
-0.82069,39.43357,,
-0.81942,41.60172,,
-0.81846,40.79399,,
-0.81456,38.15916,,
-0.8129,38.19575,,
-0.81237,37.63617,,
-0.81209,38.09024,,
-0.8091,41.72966,,
-0.80478,38.22303,,
-0.79996,39.42891,,
-0.79395,37.86597,,
-0.78885,37.86348,,
-0.78688,42.55781,,
-0.78436,37.86071,,
-0.7816,38.63023,,
-0.78123,38.45256,,
-0.77954,38.33701,,
-0.77821,39.43336,,
-0.77807,37.61945,,
-0.77514,37.61983,,
-0.76952,40.12389,,
-0.7643,38.32532,,
-0.76244,38.09843,,
-0.7602,38.7059,,
-0.75907,38.32311,,
-0.75599,39.44378,,
-0.75587,38.26084,,
-0.75583,41.64062,,
-0.75453,38.31978,,
-0.75282,37.90866,,
-0.75232,37.9089,,
-0.75139,41.5714,,
-0.75139,41.5714,,
-0.74774,37.91552,,
-0.74466,41.63539,,
-0.74246,41.31098,,
-0.73174,37.67679,,
-0.72675,38.05679,,
-0.7249,38.25967,,
-0.72361,38.26639,,
-0.72286,37.62646,,
-0.72215,38.09752,,
-0.7167,42.6257,,
-0.7164,41.5538,,
-0.71639,42.62694,,
-0.71559,37.6281,,
-0.71087,38.02626,,
-0.7105,37.63035,,
-0.70872,37.95812,,
-0.70492,41.54802,,
-0.70492,41.54802,,
-0.70263,38.1665,,
-0.70192,38.27936,,
-0.70105,37.96541,,
-0.69926,38.01644,,
-0.69696,37.97591,,
-0.69357,37.97334,,
-0.6929,38.72648,,
-0.6925,39.48303,,
-0.69119,41.60634,,
-0.68818,38.25819,,
-0.68698,38.26004,,
-0.68217,41.98358,,
-0.67835,37.98625,,
-0.67219,41.59385,,
-0.66992,38.30036,,
-0.66875,38.16972,,
-0.66601,38.99413,,
-0.66489,39.517,,
-0.66456,38.28379,,
-0.66402,41.9911,,
-0.66058,38.28774,,
-0.65954,38.0874,,
-0.65752,42.55761,,
-0.65721,38.56596,,
-0.65688,38.14614,,
-0.65269,38.27693,,
-0.65245,39.98336,,
-0.65238,39.47676,,
-0.65066,38.27026,,
-0.64411,39.5396,,
-0.64369,38.27935,,
-0.64317,39.47345,,
-0.63927,40.80172,,
-0.63808,38.59513,,
-0.63749,41.51533,,
-0.62575,41.51028,,
-0.61858,38.34621,,
-0.61424,38.76063,,
-0.61148,38.8036,,
-0.6113,38.80626,,
-0.60876,38.553,,
-0.60812,39.56603,,
-0.60639,38.28861,,
-0.60577,42.02258,,
-0.6038,38.1859,,
-0.60285,38.40554,,
-0.60101,38.61643,,
-0.60007,39.60287,,
-0.59621,38.82592,,
-0.5962,38.98446,,
-0.59617,38.19026,,
-0.5952,38.19086,,
-0.5932,39.35905,,
-0.5906,38.84321,,
-0.58838,38.30613,,
-0.58826,38.84646,,
-0.58686,38.85217,,
-0.58448,38.19503,,
-0.58435,38.98799,,
-0.58389,39.55,,
-0.58233,38.85761,,
-0.57734,39.47383,,
-0.57619,38.30548,,
-0.57582,38.45942,,
-0.57455,38.30801,,
-0.57429,38.91021,,
-0.57375,38.40285,,
-0.57344,38.93118,,
-0.57338,38.91836,,
-0.5726,38.922,,
-0.56986,38.3021,,
-0.56974,42.56395,,
-0.56729,38.9626,,
-0.56676,39.25803,,
-0.56432,38.2013,,
-0.56347,38.96997,,
-0.56254,38.97083,,
-0.56094,38.27815,,
-0.56058,42.81465,,
-0.55725,38.2095,,
-0.55374,38.22618,,
-0.55272,38.37548,,
-0.55269,39.46118,,
-0.55252,38.33384,,
-0.55252,39.46062,,
-0.55179,38.28919,,
-0.55027,39.04529,,
-0.54896,39.54107,,
-0.54814,42.62704,,
-0.54753,42.56629,,
-0.54656,38.29983,,
-0.54421,39.53799,,
-0.5434,38.3406,,
-0.54141,39.44089,,
-0.54065,38.27591,,
-0.53882,42.78645,,
-0.53452,38.41405,,
-0.5315,38.30153,,
-0.53136,38.40021,,
-0.52989,38.3761,,
-0.52979,41.49275,,
-0.52976,38.38822,,
-0.52889,39.5222,,
-0.52876,42.77369,,
-0.52522,42.06444,,
-0.52348,42.78706,,
-0.52136,42.76222,,
-0.5209,38.2994,,
-0.51947,38.3038,,
-0.51877,38.38306,,
-0.51841,42.75125,,
-0.51793,42.74424,,
-0.51705,39.41053,,
-0.51694,39.51306,,
-0.51652,38.31282,,
-0.5146,41.4957,,
-0.5134,38.32067,,
-0.51244,38.32278,,
-0.51169,38.32475,,
-0.51166,39.00379,,
-0.51149,38.37797,,
-0.50892,38.32926,,
-0.50733,38.37364,,
-0.50588,38.8523,,
-0.50588,38.8523,,
-0.5053,38.35016,,
-0.50519,39.28854,,
-0.50192,38.35493,,
-0.50184,38.39079,,
-0.50145,39.41245,,
-0.50075,39.42718,,
-0.49911,39.56382,,
-0.49905,41.12415,,
-0.49802,38.85608,,
-0.49802,38.85608,,
-0.49682,38.38951,,
-0.49678,38.36119,,
-0.4965,39.6412,,
-0.49442,38.9912,,
-0.49339,39.56659,,
-0.49245,39.5577,,
-0.48506,38.89386,,
-0.48369,39.36711,,
-0.48133,39.51503,,
-0.4769,38.6427,,
-0.47605,39.4665,,
-0.47562,41.51209,,
-0.47311,39.17661,,
-0.47237,38.3496,,
-0.471134,39.47899,,
-0.47063,38.35697,,
-0.47034,39.52509,,
-0.46982,38.46094,,
-0.46883,41.02421,,
-0.46819,41.04037,,
-0.46705,41.21129,,
-0.46673,39.42649,,
-0.46663,38.35239,,
-0.46477,41.51342,,
-0.464,39.37675,,
-0.46342,41.20059,,
-0.46275,38.44478,,
-0.46241,38.35508,,
-0.46225,42.55537,,
-0.46192,39.5059,,
-0.45725,39.48167,,
-0.45703,39.16255,,
-0.45567,39.28737,,
-0.45538,38.37355,,
-0.45496,38.70422,,
-0.45477,39.42561,,
-0.45429,39.1505,,
-0.45388,38.36764,,
-0.45319,41.52393,,
-0.4524,39.54468,,
-0.4523,38.70874,,
-0.45071,39.426,,
-0.44969,39.61136,,
-0.44932,42.1115,,
-0.44885,38.40178,,
-0.44873,38.37399,,
-0.44854,38.40284,,
-0.44835,39.47842,,
-0.44824,38.40285,,
-0.44787,38.37079,,
-0.4465,39.36229,,
-0.44482,41.17179,,
-0.44384,39.52997,,
-0.44375,38.36342,,
-0.44315,39.61561,,
-0.44224,38.71748,,
-0.44184,39.58036,,
-0.44182,42.26039,,
-0.44144,41.1701,,
-0.43952,42.15473,,
-0.43766,39.62357,,
-0.43593,40.87989,,
-0.4338,39.81249,,
-0.43369,39.16149,,
-0.43294,38.414,,
-0.43268,42.12364,,
-0.4326,38.41389,,
-0.43206,38.41434,,
-0.43147,39.5149,,
-0.43124,38.42481,,
-0.43027,39.34949,,
-0.42998,39.16109,,
-0.42993,42.14463,,
-0.42918,39.47632,,
-0.42737,39.47903,,
-0.42711,42.12667,,
-0.42597,39.36308,,
-0.42574,39.40359,,
-0.42529,39.4697,,
-0.42526,38.3621,,
-0.42438,39.67024,,
-0.42296,39.49535,,
-0.42087,39.46908,,
-0.41867,39.13648,,
-0.41846,39.63519,,
-0.41839,42.14549,,
-0.41732,42.12849,,
-0.41627,39.43582,,
-0.41469,39.50445,,
-0.41398,39.20948,,
-0.41362,39.40578,,
-0.4128,39.25069,,
-0.40964,39.52875,,
-0.40843,39.26164,,
-0.40802,39.50049,,
-0.40673,39.49024,,
-0.40653,39.46984,,
-0.4064,39.4547,,
-0.40636,39.37722,,
-0.40635,39.4898,,
-0.40632,39.45463,,
-0.40607,39.31361,,
-0.40573,39.46972,,
-0.40473,39.30865,,
-0.40462,39.46954,,
-0.40443,39.28166,,
-0.40401,39.46043,,
-0.40384,39.46957,,
-0.40301,39.48294,,
-0.40279,39.11875,,
-0.40271,39.47524,,
-0.40271,42.54239,,
-0.40216,39.48563,,
-0.40195,39.47367,,
-0.40111,39.11555,,
-0.40005,39.79191,,
-0.39942,39.3821,,
-0.399,39.46871,,
-0.39799,39.38565,,
-0.39731,42.14736,,
-0.39695,42.78919,,
-0.39693,39.45115,,
-0.39632,39.48594,,
-0.39591,42.43779,,
-0.39571,39.60778,,
-0.39181,39.60663,,
-0.39124,39.46876,,
-0.39115,39.43868,,
-0.39093,39.50155,,
-0.39074,38.87726,,
-0.39074,38.87726,,
-0.38995,39.10983,,
-0.38946,39.78112,,
-0.38911,39.50013,,
-0.38824,42.14502,,
-0.38328,39.49362,,
-0.38137,39.4688,,
-0.38081,39.4455,,
-0.38075,39.1746,,
-0.37818,39.44548,,
-0.37432,39.4347,,
-0.3736,39.49918,,
-0.37134,39.45046,,
-0.37062,39.43469,,
-0.37044,42.53458,,
-0.36884,39.49758,,
-0.36656,39.43635,,
-0.36495,39.44769,,
-0.36466,39.49657,,
-0.36122,42.14157,,
-0.361162,39.46426,,
-0.36098,42.52758,,
-0.36079,38.45766,,
-0.3594,39.46029,,
-0.35911,39.59154,,
-0.35749,39.45107,,
-0.35745,42.5389,,
-0.35725,39.45085,,
-0.3539,42.14199,,
-0.35293,42.50497,,
-0.35265,39.47483,,
-0.35167,39.5775,,
-0.35162,39.4776,,
-0.35158,39.45306,,
-0.35108,42.51992,,
-0.35033,39.45178,,
-0.34974,39.45063,,
-0.34722,39.08777,,
-0.345,39.42745,,
-0.34108,39.44861,,
-0.3409,39.43027,,
-0.34058,39.47832,,
-0.33962,39.76998,,
-0.33749,38.46968,,
-0.33452,39.38977,,
-0.33208,42.14619,,
-0.33188,39.15216,,
-0.32892,38.8978,,
-0.32892,38.8978,,
-0.32866,42.49478,,
-0.32837,39.6222,,
-0.328,42.60763,,
-0.32771,42.61399,,
-0.32486,39.35392,,
-0.32486,39.35392,,
-0.32426,39.50998,,
-0.32417,38.47532,,
-0.32099,39.51527,,
-0.31896,38.47686,,
-0.31837,39.19393,,
-0.31809,39.19339,,
-0.31704,38.47842,,
-0.31613,41.10302,,
-0.31525,42.73655,,
-0.31069,42.73134,,
-0.3078,38.90733,,
-0.30763,39.55351,,
-0.30752,42.13271,,
-0.30533,39.66014,,
-0.30417,39.63264,,
-0.30144,39.64957,,
-0.29954,39.30928,,
-0.29954,39.30928,,
-0.29932,39.63015,,
-0.29813,39.63018,,
-0.29728,38.48536,,
-0.29727,39.62778,,
-0.29358,41.09572,,
-0.29144,39.63919,,
-0.28862,42.03121,,
-0.285,39.13361,,
-0.28388,39.12,,
-0.28313,39.13609,,
-0.28312,39.13608,,
-0.28308,39.65289,,
-0.28203,39.11918,,
-0.27936,39.63412,,
-0.27859,39.66465,,
-0.27801,39.66527,,
-0.27463,39.06776,,
-0.27346,39.11267,,
-0.26008,39.97064,,
-0.2579,39.6447,,
-0.25522,38.93094,,
-0.2549,39.6465,,
-0.24481,39.70622,,
-0.23993,39.71067,,
-0.23585,39.71677,,
-0.23527,39.74205,,
-0.23521,39.79375,,
-0.23518,39.65798,,
-0.23317,41.0743,,
-0.2278,40.95325,,
-0.22757,39.04052,,
-0.22278,39.04096,,
-0.21943,39.0345,,
-0.2156,41.00371,,
-0.21182,42.11698,,
-0.2097,41.01119,,
-0.20817,39.82266,,
-0.20565,39.83009,,
-0.2021,38.96682,,
-0.20188,38.97031,,
-0.20161,38.5271,,
-0.20159,38.52716,,
-0.19511,39.81697,,
-0.19295,41.03114,,
-0.19055,38.99916,,
-0.18946,41.05546,,
-0.18842,39.0262,,
-0.18655,39.95246,,
-0.18604,38.98621,,
-0.18555,38.99694,,
-0.1831,38.97029,,
-0.18021,39.86835,,
-0.17972,38.9685,,
-0.17865,38.95709,,
-0.17803,38.54607,,
-0.17753,38.96829,,
-0.1761,41.0518,,
-0.17528,38.54271,,
-0.175,40.05357,,
-0.17498,38.99574,,
-0.16937,40.06201,,
-0.16901,39.85885,,
-0.1678,38.95432,,
-0.16776,38.97954,,
-0.1667,39.8625,,
-0.1623,38.94601,,
-0.16219,38.94596,,
-0.16143,39.94789,,
-0.16125,42.1121,,
-0.15956,42.11211,,
-0.15922,38.53947,,
-0.15834,38.53424,,
-0.15605,41.49658,,
-0.1515,42.10945,,
-0.15015,38.54036,,
-0.14986,38.93782,,
-0.1489,38.93731,,
-0.14492,40.02839,,
-0.1448,38.93511,,
-0.14478,38.92139,,
-0.1424,38.9213,,
-0.14174,38.53719,,
-0.13756,39.87799,,
-0.13756,39.87799,,
-0.13334,38.54661,,
-0.13322,38.56873,,
-0.13277,39.883,,
-0.13262,39.83694,,
-0.13238,40.01927,,
-0.13135,39.88455,,
-0.13042,40.01802,,
-0.13031,39.85579,,
-0.13031,39.88579,,
-0.12943,39.95165,,
-0.12929,39.95132,,
-0.12891,38.54358,,
-0.1263,38.9249,,
-0.12402,40.01194,,
-0.12385,39.87053,,
-0.12366,38.53714,,
-0.12332,38.54149,,
-0.12252,39.89568,,
-0.12087,39.89811,,
-0.11801,38.54554,,
-0.11732,38.56064,,
-0.1138,39.91127,,
-0.11152,40.00582,,
-0.11001,39.87689,,
-0.108,38.9081,,
-0.10248,39.9809,,
-0.1008,40.00052,,
-0.10053,38.86863,,
-0.09829,39.89606,,
-0.09691,38.55095,,
-0.09639,40.61191,,
-0.09629,38.56326,,
-0.09446,41.01959,,
-0.09016,38.56662,,
-0.0863,39.89753,,
-0.08628,39.94901,,
-0.08523,39.9495,,
-0.08469,39.97128,,
-0.08438,38.5711,,
-0.07908,40.03428,,
-0.07888,40.00261,,
-0.07797,41.32127,,
-0.07769,40.22533,,
-0.07158,39.96965,,
-0.06619,40.20019,,
-0.06338,39.92932,,
-0.06264,39.96561,,
-0.06033,42.06914,,
-0.06024,40.19501,,
-0.06006,39.97648,,
-0.05856,39.97567,,
-0.05245,41.27259,,
-0.04495,40.29078,,
-0.03791,39.99684,,
-0.03774,39.97739,,
-0.03498,39.98524,,
-0.03487,40.06604,,
-0.03084,40.02095,,
-0.0284,40.01256,,
-0.02674,38.87025,,
-0.02402,39.99579,,
-0.02235,39.992,,
-0.02195,40.02431,,
-0.02177,40.01526,,
-0.01926,42.05266,,
-0.01658,38.85406,,
-0.01641,38.86456,,
-0.01545,40.1538,,
-0.01266,40.01864,,
-0.01043,38.86499,,
-0.00637,40.02654,,
-0.00617,40.11835,,
-0.00424,40.02164,,
-0.00282,40.09449,,
-0.00253,38.85752,,
-0.00016,40.02242,,
0.00139,39.96671,,
0.00765,38.84287,,
0.00766,38.84347,,
0.01982,38.81498,,
0.03751,38.65264,,
0.0385,38.6734,,
0.04009,38.6871,,
0.04519,40.19069,,
0.05239,41.52382,,
0.07436,38.7261,,
0.07553,40.20548,,
0.07786,40.26008,,
0.08666,41.298,,
0.09519,38.73604,,
0.10033,38.83878,,
0.10232,38.84322,,
0.10607,38.83392,,
0.1106,40.07432,,
0.11371,40.07767,,
0.11454,38.77602,,
0.11968,38.77572,,
0.13085,40.10728,,
0.13978,38.73058,,
0.14012,40.11439,,
0.14238,38.77532,,
0.14578,38.71681,,
0.14582,41.99028,,
0.14632,42.00986,,
0.15408,42.04639,,
0.15991,40.15548,,
0.16031,38.73179,,
0.16324,40.16146,,
0.16452,42.40513,,
0.16459,40.16458,,
0.16582,38.72481,,
0.16582,38.72481,,
0.1681,38.71964,,
0.1681,38.71964,,
0.17252,40.41985,,
0.18061,41.91812,,
0.18802,40.21706,,
0.19148,40.22106,,
0.19159,40.22108,,
0.19716,40.22235,,
0.1993,41.01711,,
0.20156,41.52015,,
0.20462,41.90241,,
0.205,41.5199,,
0.20814,41.89996,,
0.20985,40.23115,,
0.21277,40.23391,,
0.22536,42.14011,,
0.2263,42.14521,,
0.22816,42.14808,,
0.24964,40.51132,,
0.26688,40.34128,,
0.27041,41.46595,,
0.29335,40.34868,,
0.30611,41.47,,
0.31563,40.36526,,
0.31563,40.36526,,
0.31644,42.14366,,
0.31952,41.05083,,
0.3351,41.41516,,
0.33676,41.47538,,
0.34028,40.3837,,
0.34028,40.3837,,
0.34689,41.52519,,
0.35227,40.5138,,
0.37066,40.40261,,
0.37644,41.52721,,
0.37998,40.40558,,
0.38323,40.3832,,
0.39228,40.40971,,
0.4093,41.7563,,
0.41246,40.41649,,
0.41389,41.46548,,
0.41674,40.4697,,
0.42715,41.71905,,
0.44514,41.48354,,
0.44532,41.72426,,
0.44578,40.52872,,
0.4494,40.52266,,
0.45365,40.4545,,
0.45425,40.58141,,
0.45755,40.45742,,
0.4576,41.53824,,
0.45968,40.47287,,
0.46355,40.46289,,
0.4684,41.70456,,
0.47297,41.07598,,
0.47488,41.07645,,
0.47755,41.07734,,
0.47771,40.48592,,
0.48581,41.97486,,
0.48821,40.9139,,
0.49006,40.89142,,
0.49107,40.62726,,
0.49496,41.6788,,
0.49804,41.67591,,
0.50202,40.71653,,
0.5032,40.76253,,
0.50335,40.78241,,
0.50365,41.67222,,
0.50536,40.7641,,
0.50705,40.8067,,
0.51131,40.85238,,
0.514,40.7172,,
0.5145,40.84037,,
0.5146,41.58548,,
0.5228,40.78917,,
0.52847,41.56361,,
0.52894,40.98186,,
0.53817,41.27043,,
0.53855,41.65664,,
0.53923,41.27427,,
0.54108,40.75434,,
0.54269,41.22645,,
0.54507,41.57265,,
0.54944,40.77078,,
0.54974,41.5741,,
0.55069,40.74969,,
0.55997,41.72951,,
0.56032,40.59932,,
0.56145,40.71832,,
0.56816,40.7642,,
0.56895,41.83861,,
0.56942,40.76437,,
0.57001,40.76452,,
0.57143,41.58645,,
0.57562,41.65349,,
0.5771,41.45677,,
0.583,40.68744,,
0.583,40.68744,,
0.58528,40.76139,,
0.58678,40.70366,,
0.58961,41.18263,,
0.59141,40.64882,,
0.59141,40.64882,,
0.59218,41.62907,,
0.59241,41.59522,,
0.59365,40.73026,,
0.6045,41.6276,,
0.61043,41.60479,,
0.61343,41.61672,,
0.61566,41.62312,,
0.61604,41.62293,,
0.61789,41.60774,,
0.6181,41.62148,,
0.61844,41.60713,,
0.61961,41.61309,,
0.62073,41.61536,,
0.62259,41.62039,,
0.62352,41.61143,,
0.62389,41.58139,,
0.62436,41.62116,,
0.62652,40.9868,,
0.62767,41.62285,,
0.62879,41.62752,,
0.62894,40.76569,,
0.6296,41.1529,,
0.63175,41.61193,,
0.6327,41.60524,,
0.63402,41.54348,,
0.63718,41.6038,,
0.64125,41.1114,,
0.64242,41.61096,,
0.64243,41.10673,,
0.64386,41.81189,,
0.64412,41.61172,,
0.64762,41.63847,,
0.65678,41.09695,,
0.65994,40.7753,,
0.66056,41.65894,,
0.66156,41.07947,,
0.67234,41.6469,,
0.70008,40.80895,,
0.70378,40.81445,,
0.70417,40.81302,,
0.70649,41.66916,,
0.71016,41.5938,,
0.71043,42.45961,,
0.71598,40.86938,,
0.71833,41.67982,,
0.72003,42.52582,,
0.72037,41.05142,,
0.7204,40.86623,,
0.72057,41.58995,,
0.72125,41.52723,,
0.72472,41.58812,,
0.73336,42.84623,,
0.73615,41.7335,,
0.7392,41.62781,,
0.7425,41.11648,,
0.75064,41.63171,,
0.75359,41.578,,
0.75822,41.50728,,
0.76412,41.50678,,
0.76486,42.62326,,
0.76505,42.62311,,
0.77028,41.57217,,
0.774065,41.50669,,
0.77814,42.67182,,
0.77836,42.6717,,
0.788,41.56418,,
0.79046,41.63669,,
0.813,41.76357,,
0.81315,41.5535,,
0.81694,40.90479,,
0.82409,41.63571,,
0.82576,41.78313,,
0.83199,41.51118,,
0.83399,41.51012,,
0.83522,41.53756,,
0.83529,40.92304,,
0.84256,40.93092,,
0.84393,41.53268,,
0.84537,41.5319,,
0.86368,41.81026,,
0.87559,41.47984,,
0.88108,40.97174,,
0.88232,42.06748,,
0.8856,41.61474,,
0.88787,42.09737,,
0.89353,42.14779,,
0.89501,42.11996,,
0.89734,41.66223,,
0.89746,40.98686,,
0.89782,41.64254,,
0.90135,41.68105,,
0.9019,41.4486,,
0.9035,41.82704,,
0.90747,42.18668,,
0.90849,41.02277,,
0.91413,41.63017,,
0.91457,41.75453,,
0.92229,41.63004,,
0.9256,41.4346,,
0.93307,42.19881,,
0.93579,41.02904,,
0.94603,41.42556,,
0.94748,41.17201,,
0.94755,42.13581,,
0.95294,42.21422,,
0.95874,41.73818,,
0.96102,41.0441,,
0.9639,41.02909,,
0.96812,41.63974,,
0.97537,42.132,,
0.97567,41.0507,,
0.98407,41.05349,,
0.98605,41.4253,,
0.98774,41.16493,,
0.9891,41.04518,,
0.99482,41.05642,,
0.99761,42.26315,,
1.00047,41.19108,,
1.01246,41.12375,,
1.01269,41.07125,,
1.03612,41.0834,,
1.04068,41.08168,,
1.04461,41.08243,,
1.05016,41.08261,,
1.0586,41.16521,,
1.05949,41.16484,,
1.06444,41.68583,,
1.06527,41.64171,,
1.07452,41.6442,,
1.07452,41.6442,,
1.07654,41.15457,,
1.0778,41.14364,,
1.08098,42.35944,,
1.08116,41.15207,,
1.08818,41.08804,,
1.09632,41.12408,,
1.09925,41.14599,,
1.10045,41.1759,,
1.10173,41.13559,,
1.10307,41.13447,,
1.10472,41.14444,,
1.10902,41.13089,,
1.11211,41.88165,,
1.11535,42.38283,,
1.1175,41.15528,,
1.11758,41.12992,,
1.12149,41.13052,,
1.12241,41.12847,,
1.12453,41.11699,,
1.12474,41.11591,,
1.12499,41.13122,,
1.12715,41.65783,,
1.12715,41.65783,,
1.12749,41.58736,,
1.12852,41.09762,,
1.13,41.67444,,
1.13209,41.393,,
1.13555,41.185,,
1.13559,41.18555,,
1.13936,41.66594,,
1.13978,41.66159,,
1.14647,41.20475,,
1.14675,41.13655,,
1.1496,41.12889,,
1.15104,41.53607,,
1.15177,41.13632,,
1.1549,41.12444,,
1.15511,41.10492,,
1.15514,42.55086,,
1.15657,41.10999,,
1.15897,41.65554,,
1.16023,41.10241,,
1.16306,41.13861,,
1.16853,41.65744,,
1.17157,41.37993,,
1.17175,41.6954,,
1.17278,41.13611,,
1.17329,41.25145,,
1.17508,41.25604,,
1.17764,41.3525,,
1.18083,41.31477,,
1.18394,41.1279,,
1.18704,41.71004,,
1.18922,41.10119,,
1.18937,41.91892,,
1.18946,41.13158,,
1.19066,41.10181,,
1.19174,41.66115,,
1.19596,41.90573,,
1.19667,41.75877,,
1.19829,41.12886,,
1.20117,41.12804,,
1.20408,41.10525,,
1.20507,41.12676,,
1.20755,41.66448,,
1.20791,41.26633,,
1.2102,41.26712,,
1.21306,41.12472,,
1.21334,41.26857,,
1.21452,41.73454,,
1.21515,41.13038,,
1.21525,41.13048,,
1.21685,41.7128,,
1.22058,41.91811,,
1.22432,41.12131,,
1.22611,41.1137,,
1.22665,41.12084,,
1.2276,41.39139,,
1.22781,41.12031,,
1.2285,41.11629,,
1.22959,41.92213,,
1.23604,41.75254,,
1.23934,41.14487,,
1.23978,41.15159,,
1.23981,41.13143,,
1.24,41.13083,,
1.24005,41.16006,,
1.24013,41.15917,,
1.24048,41.11529,,
1.24136,41.1183,,
1.24481,41.29414,,
1.24631,41.13281,,
1.24634,41.68399,,
1.24639,41.16611,,
1.24838,41.25738,,
1.25306,41.93695,,
1.25365,41.81509,,
1.2537,41.13028,,
1.25724,41.93946,,
1.25724,41.93946,,
1.26096,41.12315,,
1.26104,41.12337,,
1.26283,41.30543,,
1.2673,41.94486,,
1.26806,41.11861,,
1.27116,41.15749,,
1.27432,41.73604,,
1.27784,41.17049,,
1.28206,41.6993,,
1.28363,41.78179,,
1.28424,41.68113,,
1.28594,41.68037,,
1.28623,41.87345,,
1.28883,41.12536,,
1.2903,38.94037,,
1.29198,41.12654,,
1.29299,41.14748,,
1.29357,42.09949,,
1.29375,42.09778,,
1.2939,42.0078,,
1.2939,42.0078,,
1.29466,42.02717,,
1.29511,41.66756,,
1.29534,41.99963,,
1.29735,41.66638,,
1.29938,41.87205,,
1.29967,42.10816,,
1.308,41.29595,,
1.31395,41.65448,,
1.31722,42.116816,,
1.31843,41.69176,,
1.31844,38.97068,,
1.31993,42.17179,,
1.32736,42.20159,,
1.32772,42.2047,,
1.32838,42.19605,,
1.32942,38.97565,,
1.33026,38.89862,,
1.33039,38.97562,,
1.33208,42.21351,,
1.33231,38.9752,,
1.33789,38.97335,,
1.33792,41.63599,,
1.33848,41.63536,,
1.34552,41.13877,,
1.35068,41.14165,,
1.35415,38.89316,,
1.35897,38.96958,,
1.36043,42.26808,,
1.36276,41.83079,,
1.36401,41.14983,,
1.36641,38.96802,,
1.36697,41.82676,,
1.36779,42.2902,,
1.36838,41.72123,,
1.37228,42.02393,,
1.37883,42.31249,,
1.38503,42.31598,,
1.38517,38.96429,,
1.38884,38.96392,,
1.38947,38.87032,,
1.39048,38.96352,,
1.39244,41.15871,,
1.40098,38.9586,,
1.40222,41.62222,,
1.40444,42.3296,,
1.40461,41.62268,,
1.412,38.9048,,
1.41296,41.6222,,
1.41675,38.93444,,
1.41769,41.28246,,
1.41804,41.62336,,
1.41869,38.93146,,
1.41989,38.91485,,
1.42023,38.90929,,
1.42116,41.73743,,
1.42148,38.92687,,
1.42177,41.62451,,
1.42801,42.34632,,
1.42981,38.92566,,
1.4341,42.35028,,
1.43622,38.9208,,
1.44303,38.93048,,
1.44475,38.94706,,
1.44592,38.96058,,
1.44667,38.95683,,
1.44675,42.35883,,
1.44883,41.18091,,
1.45147,38.92968,,
1.45315,38.91717,,
1.45394,38.93762,,
1.45439,38.91776,,
1.45466,38.92305,,
1.45546,42.3766,,
1.47034,41.63092,,
1.47036,41.63072,,
1.47522,42.43658,,
1.47522,42.43658,,
1.47556,41.62972,,
1.48181,42.44498,,
1.48181,42.44498,,
1.48231,42.36132,,
1.48233,41.28529,,
1.48934,42.48002,,
1.48977,42.4814,,
1.4905,42.47408,,
1.49109,41.19326,,
1.492,42.4695,,
1.49448,42.48946,,
1.50254,41.1985,,
1.50473,42.49835,,
1.50602,38.98384,,
1.50702,42.49946,,
1.5081,42.49688,,
1.50846,42.55245,,
1.50906,42.55188,,
1.50978,41.27766,,
1.51105,41.20896,,
1.51386,42.50216,,
1.51609,41.28208,,
1.52048,42.52951,,
1.52057,42.52956,,
1.52094,42.52997,,
1.52108,42.53006,,
1.52155,41.6446,,
1.52355,41.71933,,
1.52437,41.22631,,
1.52472,42.50494,,
1.52572,41.6246,,
1.52723,41.23228,,
1.5314,42.506,,
1.53228,41.20665,,
1.53244,41.60872,,
1.53244,41.60892,,
1.53265,42.514,,
1.53305,42.51073,,
1.53305,42.51073,,
1.53595,41.70714,,
1.53859,41.60368,,
1.53889,41.60548,,
1.54187,41.23291,,
1.5438,38.9963,,
1.55075,39.01129,,
1.5524,41.26619,,
1.55318,42.5141,,
1.55449,42.51839,,
1.55458,42.51872,,
1.55681,42.51945,,
1.55681,42.51945,,
1.55845,39.02954,,
1.56006,41.20645,,
1.56123,41.59516,,
1.56199,39.03257,,
1.56688,41.20759,,
1.57112,42.52912,,
1.57126,42.52904,,
1.57878,41.28477,,
1.57966,41.74544,,
1.58278,41.59361,,
1.5892,42.5369,,
1.58932,42.53702,,
1.59038,41.59289,,
1.59156,41.20922,,
1.5942,42.5661,,
1.59611,41.27348,,
1.60168,41.58229,,
1.60259,41.58947,,
1.60416,41.26545,,
1.6042,41.26546,,
1.60469,41.5908,,
1.60557,41.21058,,
1.60582,41.58162,,
1.60798,41.58377,,
1.6085,41.59141,,
1.60904,41.58409,,
1.6105,41.59122,,
1.61117,41.27601,,
1.61146,41.57605,,
1.61414,42.3693,,
1.61489,41.61916,,
1.61855,41.59223,,
1.619,41.60038,,
1.61944,41.93471,,
1.62212,41.58686,,
1.6223,41.58469,,
1.62297,41.5867,,
1.62607,41.57403,,
1.62629,41.58544,,
1.6282,41.57665,,
1.62998,41.59503,,
1.6302,41.58401,,
1.63041,41.58997,,
1.63157,41.5859,,
1.63383,41.57302,,
1.63417,41.59785,,
1.63529,41.57884,,
1.63614,41.58185,,
1.64066,41.57631,,
1.64224,41.59515,,
1.6427,41.59482,,
1.64287,41.57384,,
1.64667,41.56639,,
1.6479,42.3662,,
1.65081,41.37081,,
1.65783,41.6237,,
1.65948,42.57986,,
1.66049,41.36158,,
1.66407,41.35808,,
1.66673,41.56284,,
1.66833,41.58028,,
1.67303,41.55907,,
1.674,41.3296,,
1.67453,41.21934,,
1.67492,41.4585,,
1.67622,41.58745,,
1.67762,41.45637,,
1.68006,41.59226,,
1.68141,41.61387,,
1.68477,41.22837,,
1.68508,41.37529,,
1.68539,41.20886,,
1.68708,41.62658,,
1.6877,42.5582,,
1.68833,41.45472,,
1.68963,41.23158,,
1.69005,41.41956,,
1.69071,41.23156,,
1.69118,41.21187,,
1.69137,41.21198,,
1.69472,41.23012,,
1.69685,41.22975,,
1.69842,41.22449,,
1.69984,41.21697,,
1.70017,41.22911,,
1.7024,41.22535,,
1.7026,41.22552,,
1.70434,41.91092,,
1.71043,41.23206,,
1.71124,41.59782,,
1.71153,41.23287,,
1.71291,41.33049,,
1.71308,41.59757,,
1.71394,41.87306,,
1.71497,41.21857,,
1.71909,41.59591,,
1.72026,41.59557,,
1.72314,41.21385,,
1.72435,41.3164,,
1.72496,41.59431,,
1.7256,41.29375,,
1.72653,41.30192,,
1.72718,41.23671,,
1.72795,41.23675,,
1.7296,42.36887,,
1.72962,41.59539,,
1.73221,41.27523,,
1.73237,41.26039,,
1.73254,41.26003,,
1.73273,41.27534,,
1.73408,41.43901,,
1.7386,41.23634,,
1.73909,41.22872,,
1.73973,41.23632,,
1.74079,41.59608,,
1.74179,41.38933,,
1.74291,41.59589,,
1.74497,41.35571,,
1.74758,42.37321,,
1.74764,41.35637,,
1.75037,41.3609,,
1.75127,41.59303,,
1.75242,41.23921,,
1.75255,41.36596,,
1.7526,41.36557,,
1.75319,41.23946,,
1.7536,41.82954,,
1.75811,41.40488,,
1.76578,41.23932,,
1.76875,41.73398,,
1.77138,41.59109,,
1.77194,41.59028,,
1.77199,41.24852,,
1.77585,42.3737,,
1.7774,41.58159,,
1.7783,41.58048,,
1.78053,41.57538,,
1.78067,41.2342,,
1.78359,41.43264,,
1.78781,41.78562,,
1.78868,41.77196,,
1.79227,41.4292,,
1.7951,41.57014,,
1.7962,41.41882,,
1.79904,41.36775,,
1.80229,41.56868,,
1.80454,41.24939,,
1.80941,41.74803,,
1.8114,41.38172,,
1.81358,41.42178,,
1.81383,41.38529,,
1.81417,41.56306,,
1.8148,41.7278,,
1.81807,41.56163,,
1.81833,41.24056,,
1.82139,41.24583,,
1.82433,41.74174,,
1.82756,41.74348,,
1.8306,41.24496,,
1.83524,41.68772,,
1.83565,41.71114,,
1.83682,41.71034,,
1.83814,41.39315,,
1.84157,41.69899,,
1.84372,41.24584,,
1.84403,41.6133,,
1.84611,42.41016,,
1.84784,41.62695,,
1.84806,41.67841,,
1.84842,41.63208,,
1.84849,41.6184,,
1.84875,41.62017,,
1.85154,41.74048,,
1.85288,42.28788,,
1.85487,41.54408,,
1.85499,41.58533,,
1.85636,41.55046,,
1.85639,41.39421,,
1.85694,42.12167,,
1.85732,41.64723,,
1.85747,41.65005,,
1.85767,41.5398,,
1.85798,42.1554,,
1.85811,42.17057,,
1.85891,42.15868,,
1.85891,42.15868,,
1.8592,41.6221,,
1.85978,41.54753,,
1.86032,42.35291,,
1.86089,42.17304,,
1.86089,42.17304,,
1.86247,41.75018,,
1.86297,41.64581,,
1.8651,41.72697,,
1.86514,41.726,,
1.86823,42.07817,,
1.8689,41.25022,,
1.86901,42.2165,,
1.8703,41.25021,,
1.87051,41.86174,,
1.87172,41.67884,,
1.87265,42.22254,,
1.87313,41.60654,,
1.87364,41.90349,,
1.8738,42.03122,,
1.87393,41.4789,,
1.8747,41.53077,,
1.87479,41.85487,,
1.87737,41.9397,,
1.87997,41.85117,,
1.88038,41.5265,,
1.88106,41.83515,,
1.88109,41.54579,,
1.88123,41.56048,,
1.88196,41.77437,,
1.88272,41.94883,,
1.88677,41.95999,,
1.88724,41.54126,,
1.88743,41.97817,,
1.88911,41.96507,,
1.88965,41.45763,,
1.88971,41.82313,,
1.89043,41.49491,,
1.89067,41.25027,,
1.8967,41.813,,
1.89734,41.80745,,
1.90236,41.47255,,
1.90583,41.52583,,
1.90622,41.59057,,
1.90689,41.46458,,
1.91005,41.49689,,
1.91024,41.78659,,
1.91035,41.79907,,
1.91063,42.3642,,
1.91102,41.48958,,
1.91168,41.49099,,
1.91601,41.58756,,
1.91621,41.46632,,
1.92062,41.49598,,
1.92743,41.49106,,
1.92898,41.58461,,
1.92963,41.263,,
1.93022,41.26333,,
1.93248,41.26395,,
1.93459,41.47324,,
1.93548,41.58426,,
1.93594,42.3369,,
1.93694,41.26528,,
1.94159,41.46927,,
1.94249,41.26557,,
1.94478,41.26795,,
1.94645,41.3903,,
1.94676,41.5839,,
1.95213,41.26692,,
1.9523,42.34329,,
1.9523,42.34329,,
1.95252,41.26515,,
1.95375,41.26709,,
1.95475,42.3463,,
1.95475,42.3463,,
1.96031,41.57776,,
1.9606,41.39067,,
1.96168,41.31477,,
1.96449,41.56565,,
1.96641,41.39176,,
1.96837,41.27738,,
1.97217,41.46655,,
1.97315,42.46074,,
1.97823,41.45518,,
1.97831,41.45438,,
1.98018,41.46414,,
1.9815,41.40235,,
1.98207,41.44755,,
1.98207,41.45616,,
1.98224,41.26966,,
1.98331,41.39977,,
1.98524,41.44512,,
1.98546,41.40103,,
1.98607,42.46246,,
1.98829,41.43988,,
1.98908,41.58009,,
1.99015,41.27735,,
1.9902,41.26531,,
1.9902,41.26531,,
1.99201,41.26952,,
1.99231,41.37526,,
1.99292,41.43632,,
1.99417,41.29139,,
1.99499,41.41337,,
1.99507,41.41356,,
1.99672,41.28515,,
1.99762,41.42928,,
1.99792,41.40434,,
1.99908,41.45101,,
1.9991,41.31458,,
1.99925,41.44131,,
1.99945,41.44619,,
1.99971,41.44536,,
1.99987,41.28676,,
1.99992,41.5811,,
2.00037,41.29943,,
2.00122,41.42534,,
2.00154,41.43527,,
2.00329,41.57105,,
2.00454,41.40599,,
2.00556,41.4148,,
2.0063,41.29066,,
2.00637,41.40648,,
2.00785,41.40717,,
2.00791,41.57009,,
2.00801,41.31312,,
2.00823,41.55343,,
2.00831,41.4198,,
2.00855,41.40706,,
2.00859,41.57034,,
2.00873,41.57017,,
2.00968,41.41738,,
2.01107,41.29355,,
2.01121,41.29301,,
2.0145,41.30943,,
2.01476,41.40818,,
2.01477,41.87296,,
2.01569,41.32242,,
2.01574,41.32234,,
2.01628,41.32608,,
2.01631,41.32619,,
2.01649,41.32457,,
2.01652,41.31152,,
2.01678,41.39512,,
2.01688,41.31188,,
2.01805,41.29768,,
2.01816,41.5825,,
2.01955,41.30856,,
2.02063,41.31556,,
2.02112,41.38628,,
2.02193,41.31398,,
2.02215,41.39813,,
2.02221,41.56426,,
2.02368,41.30317,,
2.0239,41.38182,,
2.02455,41.3109,,
2.02456,41.54002,,
2.02464,41.31908,,
2.02482,41.31917,,
2.02746,41.54782,,
2.02757,41.30713,,
2.02757,41.30713,,
2.02781,41.54733,,
2.0281,41.34704,,
2.02845,41.32302,,
2.02854,41.32311,,
2.02857,41.3455,,
2.02859,41.31585,,
2.02916,41.32748,,
2.02994,41.88143,,
2.03057,41.54621,,
2.03063,41.88182,,
2.03143,41.31138,,
2.0315,41.37749,,
2.03258,41.31932,,
2.03267,41.56092,,
2.03289,41.32512,,
2.03337,41.32403,,
2.03356,41.3591,,
2.03384,41.56059,,
2.034,41.31583,,
2.03417,41.46389,,
2.03422,41.56636,,
2.03445,41.29983,,
2.03445,41.29983,,
2.0353,41.29903,,
2.0353,41.29903,,
2.03564,41.35506,,
2.03564,41.51001,,
2.03605,41.33715,,
2.03642,41.5355,,
2.03648,41.33702,,
2.03664,41.51264,,
2.03682,41.5538,,
2.03698,41.32247,,
2.03702,41.51668,,
2.03704,41.3366,,
2.0377,41.37151,,
2.03814,41.5154,,
2.03858,41.32359,,
2.03863,41.55305,,
2.03867,41.53637,,
2.03968,41.33017,,
2.04019,41.37307,,
2.04054,41.27219,,
2.04139,41.47257,,
2.04245,41.32649,,
2.04408,41.34899,,
2.04464,41.32415,,
2.04465,41.34108,,
2.04649,41.37278,,
2.04666,41.58939,,
2.04705,41.3471,,
2.0476,41.55618,,
2.04838,41.27577,,
2.04892,41.50844,,
2.04904,41.4968,,
2.04943,41.54244,,
2.04946,41.28194,,
2.04946,41.28194,,
2.04948,41.3348,,
2.05178,41.32925,,
2.05185,41.55472,,
2.05185,41.55472,,
2.05446,41.29357,,
2.05457,41.3734,,
2.05475,41.29383,,
2.05502,41.30181,,
2.05636,41.33402,,
2.05852,41.29154,,
2.05852,41.37966,,
2.06124,41.49056,,
2.06276,41.34908,,
2.06479,41.47173,,
2.06535,41.47709,,
2.06562,41.47835,,
2.06694,41.28728,,
2.06725,41.54313,,
2.06743,41.58183,,
2.06826,41.31353,,
2.06909,41.44599,,
2.06961,41.44936,,
2.07068,41.37598,,
2.07087,41.48882,,
2.07117,41.47765,,
2.07122,41.4889,,
2.07132,41.31761,,
2.07214,41.34975,,
2.07225,41.89424,,
2.07242,41.34638,,
2.07259,41.3236,,
2.07304,41.37603,,
2.07311,41.33172,,
2.07504,41.33152,,
2.07517,41.54274,,
2.07518,41.32052,,
2.07599,41.32357,,
2.0773,41.4337,,
2.07784,41.56232,,
2.0779,41.43247,,
2.07825,41.31111,,
2.07832,41.31556,,
2.07845,41.31423,,
2.08006,41.55438,,
2.08097,41.31763,,
2.08169,41.33636,,
2.08257,41.48829,,
2.08434,41.33738,,
2.08742,41.42885,,
2.08861,41.36155,,
2.08944,41.58889,,
2.08958,41.3637,,
2.09058,41.34295,,
2.09059,41.33372,,
2.09064,41.36667,,
2.09105,41.53265,,
2.09114,41.58024,,
2.09173,41.36265,,
2.09196,41.42565,,
2.09196,41.42565,,
2.09235,41.3474,,
2.09248,41.49132,,
2.09259,41.42521,,
2.09341,41.47956,,
2.09354,41.37218,,
2.09354,41.49412,,
2.09408,41.42246,,
2.09505,41.33535,,
2.09516,41.9026,,
2.09568,41.57163,,
2.09574,41.33533,,
2.09606,41.47743,,
2.09606,41.52468,,
2.09644,41.57065,,
2.09738,41.37835,,
2.09751,41.55484,,
2.09753,41.55522,,
2.0978,41.5402,,
2.09819,41.54097,,
2.09902,41.51868,,
2.10025,41.33825,,
2.10177,41.98935,,
2.10184,41.38176,,
2.10235,41.79976,,
2.1029,41.3338,,
2.10356,41.33336,,
2.10361,41.3842,,
2.104,41.3663,,
2.10408,41.53051,,
2.10444,41.52852,,
2.1046,41.53494,,
2.1053,41.37218,,
2.10548,41.38648,,
2.10549,41.52653,,
2.10575,41.493,,
2.10608,41.55868,,
2.10662,41.3037,,
2.10669,41.32832,,
2.10684,41.53095,,
2.10728,41.38907,,
2.10802,41.53816,,
2.10954,41.43123,,
2.10979,41.38379,,
2.10988,41.34025,,
2.11043,41.34053,,
2.11096,41.48404,,
2.11107,41.40895,,
2.11131,41.40898,,
2.1128,41.40811,,
2.11482,41.40602,,
2.1155,41.40547,,
2.11577,41.32589,,
2.11582,41.40615,,
2.11582,41.40615,,
2.11612,41.54596,,
2.11659,41.55592,,
2.11686,41.39935,,
2.11752,41.4044,,
2.11762,41.4046,,
2.11813,41.40422,,
2.11814,41.38951,,
2.11979,41.35258,,
2.12024,41.49843,0,
2.1212,41.3449,,
2.1213,41.40484,,
2.12192,41.38702,,
2.12272,41.40067,,
2.12272,41.49658,,
2.12278,41.5011,,
2.1232,41.40036,,
2.12356,41.37463,,
2.12359,41.48556,,
2.12378,41.33818,,
2.12454,41.4017,,
2.12471,41.40521,,
2.12503,41.38541,,
2.12561,41.40043,,
2.12624,41.40266,,
2.12672,41.38843,,
2.12703,41.38669,,
2.12716,41.38508,,
2.12722,41.38472,,
2.12725,41.38676,,
2.12735,41.38765,,
2.12806,41.50071,,
2.12814,41.35315,,
2.12838,41.41158,,
2.12847,41.37982,,
2.12853,41.38869,,
2.1301,41.41323,,
2.13052,41.41332,,
2.13063,41.37578,,
2.1316,41.91326,,
2.13213,41.37063,,
2.13224,41.39778,,
2.13247,41.38967,,
2.13249,41.37055,,
2.13259,41.37034,,
2.13263,41.40989,,
2.13283,41.32294,,
2.13285,41.38966,,
2.13319,41.39841,,
2.13348,41.38858,,
2.13365,41.39482,,
2.13417,41.39528,,
2.13461,41.39992,,
2.1349,41.36573,,
2.13494,41.41538,,
2.13496,41.3659,,
2.13498,41.36589,,
2.13558,41.49857,,
2.13582,41.33399,,
2.13734,41.91794,,
2.13753,41.48523,,
2.13763,41.36654,,
2.13778,41.40296,,
2.13836,41.38571,,
2.13868,41.38358,,
2.13886,41.36737,,
2.13956,41.36787,,
2.14007,41.35863,,
2.14023,41.39787,,
2.1404,41.40453,,
2.14094,41.3468,,
2.14121,41.38684,,
2.14142,41.33728,,
2.1417,41.34724,,
2.14222,41.39838,,
2.14229,41.34234,,
2.14242,41.42477,,
2.14297,41.40328,,
2.14363,41.35398,,
2.14374,41.39018,,
2.14396,41.39043,,
2.14456,41.34194,,
2.14497,41.4027,,
2.14498,41.53226,,
2.14521,41.51509,,
2.14576,41.37523,,
2.14578,41.38322,,
2.14612,41.37269,,
2.14627,41.37297,,
2.14631,41.34898,,
2.14769,41.37386,,
2.14834,41.40597,,
2.14867,41.35396,,
2.14867,41.43632,,
2.14904,41.36128,,
2.14905,41.35006,,
2.14912,41.43624,,
2.14942,41.43695,,
2.14952,41.3806,,
2.14959,41.39616,,
2.14995,41.49485,,
2.15048,41.40771,,
2.15086,41.39892,,
2.15099,41.39433,,
2.15111,41.48894,,
2.15131,41.39276,,
2.15173,41.39777,,
2.15176,41.39413,,
2.1525,41.39309,,
2.1526,41.37766,,
2.15268,41.40853,,
2.15347,41.37249,,
2.15365,41.40894,,
2.15372,41.43172,,
2.15379,41.40913,0,
2.15384,41.39096,,
2.15386,41.43823,,
2.15436,41.3956,,
2.15458,41.43095,,
2.15477,41.38504,,
2.15491,41.38548,,
2.15499,41.37796,,
2.15502,41.39543,,
2.15517,41.38484,,
2.15534,41.39141,,
2.15683,41.35277,,
2.15696,41.38848,,
2.15712,41.53349,,
2.15751,41.48921,,
2.15753,41.38656,,
2.15765,41.48635,,
2.15814,41.38758,,
2.15822,41.42377,,
2.15836,41.42382,,
2.15869,41.39633,,
2.15897,41.38184,,
2.15943,41.38279,,
2.15991,41.38845,,
2.15997,41.41216,,
2.1602,41.39674,,
2.16038,41.39049,,
2.16056,41.36833,,
2.16106,41.39731,,
2.16131,41.43983,,
2.16149,41.44002,,
2.16155,41.39308,,
2.16189,41.39162,,
2.16222,41.39019,,
2.16281,41.41233,,
2.16287,41.38537,,
2.1631,41.47336,,
2.1631,41.47336,,
2.16312,41.39426,,
2.16344,41.43374,,
2.16352,41.43424,,
2.16359,41.39712,,
2.16499,41.67062,,
2.16514,41.48083,,
2.16531,41.3925,,
2.16588,41.62972,,
2.16594,41.40896,,
2.16598,41.3868,,
2.16615,41.39343,,
2.16635,41.41199,,
2.1665,41.41365,,
2.16657,41.4138,0,
2.16658,41.64067,,
2.16773,41.38919,,
2.16815,42.23434,,
2.16832,41.39488,,
2.16841,42.23228,,
2.16849,41.41231,,
2.16932,41.63933,,
2.16953,41.39893,,
2.17002,41.39429,,
2.17025,41.39962,,
2.17091,41.39672,,
2.17162,41.39957,,
2.17184,41.40087,,
2.17219,41.38886,,
2.1724,41.4265,,
2.17286,41.40672,,
2.17296,41.44404,,
2.17306,41.3747,,
2.17362,41.39294,,
2.1738,41.46638,,
2.1738,41.46638,,
2.17453,41.40078,,
2.17484,41.44476,,
2.17518,41.3713,0,
2.17526,41.40681,,
2.17568,41.40028,,
2.17602,41.3721,,
2.17631,41.3724,,
2.17631,41.37268,,
2.17664,41.40104,,
2.17755,41.4319,,
2.17901,41.41307,,
2.17972,41.60627,,
2.17991,41.37795,,
2.18085,41.3989,,
2.18197,41.41695,,
2.1821,41.44642,0,
2.18322,41.40065,0,
2.18322,41.40065,0,
2.18348,41.47608,0,
2.18422,41.43643,0,
2.18459,41.48357,0,
2.18487,41.40716,0,
2.18487,41.47661,0,
2.18562,41.59276,0,
2.18562,41.59276,0,
2.18564,41.55866,0,
2.18564,41.55866,0,
2.18572,41.47706,0,
2.18576,41.40796,0,
2.18576,41.44057,0,
2.18578,41.59236,0,
2.18589,41.4114,0,
2.18615,41.55037,0,
2.18658,41.44384,0,
2.18681,41.44394,,
2.18685,41.41412,0,
2.18694,41.42,,
2.18702,41.41212,0,
2.1871,41.44538,,
2.18725,41.38274,,
2.18733,41.38262,,
2.18751,41.40926,,
2.18814,41.4876,,
2.18916,41.38365,,
2.1892,41.45553,,
2.18941,41.38373,,
2.18994,41.49181,,
2.18999,41.40394,,
2.19,41.4925,0,
2.19011,41.40581,0,
2.19011,41.40581,0,
2.19092,41.49588,0,
2.19146,41.41842,,
2.19154,41.41697,,
2.19159,41.38496,,
2.19159,41.39661,,
2.19167,41.44686,,
2.19245,41.41299,,
2.19268,41.5363,,
2.19294,42.17414,,
2.19348,41.53564,,
2.19349,41.40852,,
2.19372,41.48768,,
2.19376,41.44849,,
2.19453,41.44666,,
2.19462,41.40929,,
2.19486,41.43072,,
2.19558,41.93372,,
2.19563,41.43904,,
2.19809,41.54697,,
2.19928,42.16053,,
2.19982,41.38965,,
2.2004,42.15637,,
2.20124,41.41404,,
2.2025,41.54526,,
2.20305,41.5099,,
2.20374,41.39207,,
2.20444,41.43027,,
2.2047,41.39423,,
2.20588,41.39462,,
2.20589,41.39488,,
2.20612,41.41102,,
2.20616,41.44355,,
2.207,42.14378,,
2.20797,41.53311,,
2.20816,41.57408,,
2.20926,41.39888,,
2.20928,41.3992,,
2.21017,41.43406,,
2.21027,41.5343,,
2.21041,41.45879,,
2.21071,41.53419,,
2.21091,41.5472,,
2.21187,41.53386,,
2.2125,41.54764,,
2.21362,41.52384,,
2.21389,42.09806,,
2.21446,41.51477,,
2.21468,42.2192,,
2.21565,41.53155,,
2.21567,41.46133,,
2.21721,41.46218,,
2.21728,41.42422,,
2.21819,41.5461,,
2.21892,41.54568,,
2.22102,41.40935,,
2.22135,41.41015,,
2.22139,41.54861,,
2.22619,41.52599,,
2.22625,41.52741,,
2.22641,41.52688,,
2.2268,41.52727,,
2.22697,41.52691,,
2.22726,41.5276,,
2.22828,41.55525,,
2.22849,41.52525,,
2.22898,41.52461,,
2.22967,41.80217,,
2.22988,41.44209,,
2.23096,41.94421,,
2.23223,41.63498,,
2.23229,41.94812,,
2.23361,41.52724,,
2.23399,41.52726,,
2.23436,41.46282,,
2.23473,41.82826,,
2.23506,41.79528,,
2.23566,41.44785,,
2.23694,41.95194,,
2.23956,42.03173,,
2.24029,41.95377,,
2.24031,42.02743,,
2.24101,41.46606,,
2.24226,41.88388,,
2.24294,41.78558,,
2.24313,41.7853,,
2.24386,41.9748,,
2.24481,41.46807,,
2.2449,41.77483,,
2.24517,42.00803,,
2.24523,41.77188,,
2.24536,41.77189,,
2.2458,41.8956,,
2.2483,41.47063,,
2.24847,41.57326,,
2.24906,41.929,,
2.2491,41.92665,,
2.24971,41.95859,,
2.24978,41.75842,,
2.24987,41.93534,,
2.25018,41.75939,,
2.25065,41.7651,,
2.25083,41.75972,,
2.25103,41.93721,,
2.25185,41.58753,,
2.2532,41.57149,,
2.25366,41.93379,,
2.25936,41.58881,,
2.2595,41.74989,,
2.25956,41.74998,,
2.26009,41.58981,,
2.26098,41.46075,,
2.26134,41.60232,,
2.26188,41.5424,,
2.26204,41.56303,,
2.2625,41.59433,,
2.26299,41.4614,,
2.26534,41.92827,,
2.26567,41.93164,,
2.2657,41.93183,,
2.26594,41.47346,,
2.26674,41.46882,,
2.26694,42.05341,,
2.26723,41.56803,,
2.26723,41.64318,,
2.26731,41.64814,,
2.26766,41.46678,,
2.27033,42.01404,,
2.27213,41.46306,,
2.27232,41.7229,,
2.27267,41.71537,,
2.27483,41.71327,,
2.27662,41.56619,,
2.27861,41.68558,,
2.28059,41.47092,,
2.2811,41.60976,,
2.28304,41.99536,,
2.28447,41.46826,,
2.28501,41.95755,,
2.28503,41.69982,,
2.28588,41.54263,,
2.28685,41.46895,,
2.28843,41.65192,,
2.28923,41.46999,,
2.29208,41.47698,,
2.29314,41.62272,,
2.29327,41.62281,,
2.29414,42.00368,,
2.2946,41.48318,,
2.29536,41.62984,,
2.29544,41.49384,,
2.29552,41.63027,,
2.29599,41.62275,,
2.29764,41.646,,
2.29942,42.05032,,
2.30165,41.97421,,
2.30399,41.47514,,
2.30743,41.63613,,
2.31107,41.47726,,
2.32806,41.63278,,
2.3323,41.49244,,
2.33467,41.48253,,
2.33624,41.63434,,
2.33913,41.59483,,
2.3435,42.25356,,
2.34461,41.59695,,
2.34473,41.48505,,
2.3473,41.61204,,
2.34936,41.63636,,
2.35063,41.58711,,
2.3515,41.49264,,
2.35187,41.58699,,
2.3524,41.5864,,
2.3574,42.08545,,
2.35827,41.66789,,
2.36737,42.2652,,
2.3682,42.27858,,
2.37255,41.63806,,
2.375,42.24053,,
2.37583,41.58008,,
2.37584,41.58039,,
2.37988,41.49589,,
2.38013,41.62702,,
2.38086,41.51361,,
2.38134,41.49662,,
2.3858,41.4989,,
2.39598,41.56791,,
2.39636,41.5676,,
2.40245,41.5204,,
2.40829,41.51161,,
2.41099,41.55109,,
2.41386,41.53088,,
2.4139,41.54351,,
2.41645,41.64885,,
2.42195,41.52186,,
2.42207,41.53556,,
2.42715,41.53213,,
2.42742,41.64766,,
2.42953,42.23646,,
2.43083,41.55222,,
2.43155,41.54834,,
2.43459,41.54193,,
2.43943,41.53076,,
2.44008,41.6957,,
2.44139,41.5445,,
2.44237,41.69401,,
2.44382,41.68918,,
2.44604,41.6895,,
2.44724,41.53694,,
2.44801,41.69133,,
2.44959,41.69231,,
2.45157,39.54754,,
2.45259,41.55557,,
2.45446,41.55567,,
2.45582,41.55145,,
2.45753,41.54137,,
2.46116,41.6617,,
2.46321,41.5439,,
2.46853,42.16051,,
2.47034,42.18383,,
2.47616,42.17083,,
2.47828,42.17177,,
2.48097,42.20898,,
2.48138,42.20899,,
2.48313,42.20885,,
2.48568,42.17166,,
2.48629,41.56018,,
2.49005,39.51663,,
2.4915,41.56292,,
2.49453,42.17882,,
2.49578,41.56159,,
2.49828,41.55567,,
2.49845,41.68954,,
2.4996,42.19054,,
2.50163,41.55743,,
2.50327,39.52112,,
2.5046,42.18989,,
2.50796,39.52215,,
2.5082,41.69667,,
2.51284,41.58041,,
2.51466,41.57773,,
2.5147,41.57769,,
2.51606,42.1929,,
2.51873,41.57526,,
2.52557,42.19431,,
2.52725,41.57822,,
2.53819,41.84797,,
2.54366,41.79905,,
2.54588,41.58598,,
2.54641,41.58566,,
2.54848,41.58274,,
2.5586,41.72498,,
2.55942,41.74201,,
2.56252,41.58073,,
2.56868,41.58413,,
2.57303,41.56752,,
2.57421,41.72603,,
2.57458,41.58524,,
2.58109,41.58671,,
2.58922,41.58978,,
2.59128,42.21746,,
2.60302,41.60285,,
2.60478,41.73369,,
2.60504,41.6169,,
2.60716,39.58918,,
2.61269,39.55203,,
2.61949,41.60877,,
2.61993,41.60169,,
2.62194,39.58716,,
2.62372,41.60394,,
2.6247,39.58035,,
2.62486,39.58002,,
2.62535,41.74491,,
2.63133,41.74751,,
2.6331,41.60453,,
2.6335,39.56877,,
2.63515,39.5804,,
2.64486,39.56708,,
2.64825,42.2156,,
2.6532,39.58949,,
2.65392,39.59297,,
2.65746,39.58875,,
2.66017,39.6166,,
2.66194,39.58747,,
2.66338,39.56749,,
2.66602,39.57138,,
2.66749,39.59087,,
2.66882,39.57136,,
2.66964,42.21082,,
2.67191,39.58251,,
2.67561,39.57831,,
2.68733,39.59523,,
2.69049,41.869,,
2.6931,39.57487,,
2.6931,39.57487,,
2.70078,41.6531,,
2.70189,41.8384,,
2.70412,39.57778,,
2.70412,39.57778,,
2.70721,39.54332,,
2.70851,41.83377,,
2.71008,41.87997,,
2.71089,39.56161,,
2.71122,41.7185,,
2.71634,39.56737,,
2.71663,41.66905,,
2.7189,39.61229,,
2.72053,41.63953,,
2.72454,41.64175,,
2.72535,41.96782,,
2.72855,39.53681,,
2.7314,39.56902,,
2.73146,39.56893,,
2.73214,41.64712,,
2.73235,41.68552,,
2.73963,39.63492,,
2.73963,39.63492,,
2.74188,42.18168,,
2.747,39.48728,,
2.747,39.48728,,
2.74778,39.64581,,
2.74778,39.64581,,
2.74806,39.63389,,
2.75084,41.74658,,
2.75134,39.49162,,
2.75134,39.49162,,
2.75639,41.86694,,
2.75885,39.51467,,
2.76348,42.12002,,
2.76539,41.67423,,
2.76689,39.64783,,
2.76922,41.88062,,
2.77507,41.89714,,
2.77602,41.78744,,
2.77747,41.77853,,
2.77758,41.79614,,
2.78613,41.98839,,
2.78638,41.97168,,
2.78665,41.78989,,
2.78891,41.96505,,
2.79007,41.91024,,
2.79137,41.96788,,
2.79174,41.788,,
2.79257,41.96289,,
2.79964,41.93699,,
2.80081,41.68886,,
2.80103,41.93803,,
2.80112,41.96133,,
2.80237,41.93119,,
2.80237,41.93119,,
2.80597,39.66548,,
2.80601,41.96306,,
2.80613,41.96358,,
2.80697,41.79317,,
2.80923,41.97409,,
2.80938,42.00948,,
2.81016,41.79411,,
2.81086,41.98086,,
2.81207,41.96914,,
2.81234,39.66923,,
2.81285,42.06634,,
2.81311,42.06667,,
2.81567,41.73989,,
2.81584,41.74178,,
2.816,41.74575,,
2.81635,42.00144,,
2.81643,39.66463,,
2.81655,41.97542,,
2.8166,42.07576,,
2.8167,41.97579,,
2.81702,41.97555,,
2.81744,41.96575,,
2.81748,42.02238,,
2.81773,42.01362,,
2.81785,41.9787,,
2.81867,41.98274,,
2.81914,42.04722,,
2.82222,39.66783,,
2.82477,41.99123,,
2.82485,42.00912,,
2.82624,42.22185,,
2.82686,41.69841,,
2.82942,41.97324,,
2.82954,42.02989,,
2.8305,41.97339,,
2.83105,42.03071,,
2.83529,41.70039,,
2.8372,41.80177,,
2.83852,42.02373,,
2.83856,41.95683,,
2.83856,41.95683,,
2.8463,41.97647,,
2.8463,41.97647,,
2.84667,42.02593,,
2.84686,42.00389,,
2.84691,42.00384,,
2.8486,41.96318,,
2.85253,41.90982,,
2.85622,41.80572,,
2.86813,42.04774,,
2.8688,42.04816,,
2.87243,41.80914,,
2.8734,41.7082,,
2.8772,42.05418,,
2.88005,42.40126,,
2.88205,42.02965,,
2.88346,42.39082,,
2.88346,42.39082,,
2.88674,41.80926,,
2.89353,42.36421,,
2.89608,42.36888,,
2.89608,42.36888,,
2.90333,42.13171,,
2.90467,41.71983,,
2.90477,42.06546,,
2.92696,42.04046,,
2.92696,42.04046,,
2.93466,42.2458,,
2.9354,42.30824,,
2.94399,41.82764,,
2.94653,39.45606,,
2.94754,41.82705,,
2.94782,42.29196,,
2.94782,42.29196,,
2.94782,42.29196,,
2.94782,42.29196,,
2.95158,39.67909,,
2.95341,42.27547,,
2.95858,42.26142,,
2.95988,41.82759,,
2.9732,39.66561,,
2.97399,42.12874,,
2.9757,42.27844,,
2.9757,42.27844,,
2.97929,42.12996,,
2.98343,42.24014,,
2.98343,42.24014,,
2.98786,42.26401,,
2.98786,42.26401,,
2.9905,42.26718,,
2.99484,42.26731,,
3.00176,42.00432,,
3.00176,42.00432,,
3.00559,41.80865,,
3.00917,42.075,,
3.01709,42.21875,,
3.02041,41.80641,,
3.0206,39.8625,,
3.03438,39.85216,,
3.03455,41.80836,,
3.03528,42.03396,,
3.04632,42.1421,,
3.04693,42.25957,,
3.04846,42.25935,,
3.06752,42.13889,,
3.07316,39.8372,,
3.07346,41.85201,,
3.07508,42.3269,,
3.08704,39.45622,,
3.09052,41.9516,,
3.0956,41.8591,,
3.09772,42.07752,,
3.11537,42.24363,,
3.12784,42.04089,,
3.12923,42.03844,,
3.12982,39.57564,,
3.13048,41.93856,,
3.13137,41.93779,,
3.13232,41.93702,,
3.13271,39.77918,,
3.14557,41.91965,,
3.14683,41.90589,,
3.14724,41.91116,,
3.14863,41.90826,,
3.14965,41.9124,,
3.15087,41.91272,,
3.15293,41.96103,,
3.16063,39.4891,,
3.16156,41.9389,,
3.18547,42.05069,,
3.19561,42.05054,,
3.24742,39.58651,,
3.25843,39.56138,,